Hội An	lưu giữ	kiến trúc phố cổ
Cần Thơ	thu hút	chợ nổi Cái Răng
Hà Giang	nổi tiếng với	cao nguyên đá Đồng Văn
Hà Giang	nổi bật	đèo Mã Pí Lèng
Huế	lưu giữ	cố đô cổ kính
Sa Pa	đặc trưng	ruộng bậc thang
Cù Lao Chàm	khu dự trữ sinh quyển	Quảng Nam
Sapa	có	chợ phiên và bản làng dân tộc thiểu số
Quảng Bình	sở hữu	hang Sơn Đoòng
Sa Pa	tổ chức	chợ tình
Hội An	lưu giữ	kiến trúc cổ từ thế kỷ 15
Phong Nha-Kẻ Bàng	sở hữu	động Thiên Đường
Ninh Bình	đặc trưng	quần thể danh thắng Tràng An
Phong Nha-Kẻ Bàng	sở hữu	hệ thống hang động kỳ vĩ
Hạ Long	nổi tiếng	hang động nước ngọt
Cù Lao Chàm	đặc biệt	rạn san hô
Hội An	đặc trưng với	phố cổ và đèn lồng
Hà Giang	nổi bật	cột cờ Lũng Cú
Ninh Bình	được mệnh danh	Hạ Long trên cạn
Cần Thơ	đặc trưng	chợ nổi Cái Răng
Cao Bằng	sở hữu	thác Bản Giốc hùng vĩ
Cần Giờ	nổi tiếng với	rừng ngập mặn
Chợ nổi Cái Răng	văn hóa sông nước	Cần Thơ
Ninh Bình	nổi bật	Tam Cốc-Bích Động
Ninh Bình	nổi tiếng	Tràng An
Bà Nà Hills	nổi bật	cầu Vàng
Hạ Long Bay	nổi tiếng với	hàng nghìn đảo đá vôi
Sa Pa	nổi tiếng	ruộng bậc thang
Mỹ Sơn	sở hữu	thánh địa Champa
Phố cổ Hội An	đặc trưng	đèn lồng
Cù Lao Chàm	được UNESCO công nhận là	khu dự trữ sinh quyển thế giới
Cổng Tò Vò	hình thành từ nham thạch	Lý Sơn
Ninh Bình	nổi tiếng	cảnh quan Tràng An
Huế	lưu giữ	lăng Minh Mạng
Nha Trang	hấp dẫn bởi	rạn san hô và biển xanh
Tây Nguyên	nổi bật với	văn hóa cồng chiêng
Ruộng bậc thang	di sản thế giới dự kiến	Mù Cang Chải
Đà Nẵng	ấn tượng	cầu Rồng
Đà Lạt	đặc trưng	hồ Xuân Hương
Đồi cát Mũi Né	"tiểu sa mạc"	Bình Thuận
Đà Lạt	đặc trưng	khí hậu ôn đới và rừng thông
Đồng Tháp	độc đáo	rừng tràm Tràm Chim
Phú Quốc	nổi bật	bãi Sao
Phú Quốc	sản xuất	nước mắm truyền thống
Hang Sơn Đoòng	lớn nhất	hang động
Cao Nguyên Đắk Lắk	đặc trưng với	văn hóa cồng chiêng Tây Nguyên
Huế	tổ chức	Festival Huế
Hạ Long	nổi tiếng	vịnh với hàng nghìn đảo đá vôi
Vịnh Hạ Long	nổi tiếng	đảo đá vôi
Hội An	nổi tiếng với	phố cổ đèn lồng
Điện Biên Phủ	chiến thắng lịch sử	Điện Biên
Phong Nha	có	hệ thống hang động phức tạp
Phú Quốc	có	bãi biển cát trắng hoang sơ
Đà Lạt	đặc trưng	hoa dã quỳ
Hạ Long	nổi tiếng	hang Sửng Sốt
Mũi Né	nổi bật với	đồi cát đỏ
Vịnh Lan Hạ	vịnh kín tuyệt đẹp	Hải Phòng
Hạ Long	nổi tiếng với	hàng nghìn đảo đá vôi và hang động kỳ thú
Đà Lạt	nổi tiếng với	khí hậu mát mẻ và hoa
Hội An	bảo tồn	phố cổ
Ninh Bình	nổi bật	quần thể danh thắng Tràng An
Phong Nha	chứa	động thiên nhiên lớn
Phong Nha-Kẻ Bàng	sở hữu	hệ thống hang động dài nhất
Cà Mau	nổi tiếng	mũi đất cuối
Côn Đảo	lịch sử	nhà tù
Bà Nà Hills	thu hút	cây cầu Vàng nổi bật
Đà Nẵng	nổi tiếng với	cầu Rồng phun lửa
Cao Bằng	sở hữu	thác Bản Giốc
Mù Cang Chải	nổi bật	ruộng bậc thang mùa lúa chín
Bà Nà Hills	cáp treo đạt kỷ lục Guinness	Đà Nẵng
Sapa	có	ruộng bậc thang Mù Cang Chải
Nghệ An	đặc biệt	cánh đồng hoa hướng dương
Sapa	nổi bật	ruộng bậc thang hùng vĩ
Phú Quốc	nổi tiếng	nước mắm
Cần Thơ	đặc sắc	chợ nổi Cái Răng
Cà Mau	có	mũi đất tận cùng Việt Nam
Hà Giang	nổi tiếng	đèo Mã Pí Lèng
Động Phong Nha	danh tiếng	hệ thống sông ngầm
Mũi Né	thu hút	đồi cát bay
Đà Lạt	nổi tiếng	hoa dã quỳ
Côn Đảo	gắn liền	lịch sử nhà tù thời Pháp và Mỹ
Phú Quốc	có	bãi Sao cát trắng
Mũi Né	độc đáo	đồi cát Bay
Hồ Gươm	gắn liền với	truyền thuyết rùa thần
Huế	danh tiếng	di sản cố đô
Sơn Đoòng	là	hang động lớn nhất thế giới
Huế	sở hữu	quần thể di tích cố đô
Hòn Đá Bạc	di chỉ khảo cổ	Cà Mau
Mỹ Sơn	di sản	tháp Chăm
Con Đảo	lưu giữ	nhà tù
Sapa	được biết đến với	ruộng bậc thang tuyệt đẹp
Hội An	phố cổ UNESCO	Quảng Nam
Hang Sơn Đoòng	hang động lớn nhất	Quảng Bình
Mỹ Sơn	giữ gìn	di tích đền tháp Chăm Pa
Hội An	bảo tồn	kiến trúc phố cổ độc đáo
Cố đô Huế	lưu giữ	hệ thống lăng tẩm hoàng gia
Hạ Long Bay	nổi tiếng	di sản thiên nhiên thế giới
Đồng Tháp	nổi tiếng	cánh đồng sen
Hạ Long	có	vịnh đá vôi
Đà Lạt	đặc trưng	khí hậu ôn đới quanh năm
Tháp Bà Ponagar	kiến trúc Chăm	tháp thờ nữ thần Ponagar
Hội An	bảo tồn	phố cổ đèn lồng
Ninh Bình	nổi bật	chùa Bái Đính
Cần Thơ	nổi bật	chợ nổi Cái Răng
Ninh Bình	quay phim	Tràng An
Đà Lạt	được mệnh danh là	thành phố ngàn hoa
Mỹ Sơn	di sản	tháp Chăm cổ
Đà Lạt	biệt danh	thành phố ngàn hoa
Huế	lưu giữ	lăng Khải Định
Quảng Bình	nổi tiếng	hang Sơn Đoòng
Hạ Long Bay	nổi tiếng	hang động ngầm
Chợ nổi Cái Răng	hấp dẫn	văn hóa chợ sông
Huế	lưu giữ	lăng tẩm triều Nguyễn
Bà Nà Hills	nổi tiếng với	cây cầu Vàng độc đáo
Tháp Bà Ponagar	biểu tượng	kiến trúc Chăm cổ
Cao Nguyên Đắk Lắk	đặc trưng	văn hóa cồng chiêng Tây Nguyên
Ninh Bình	sở hữu	Tràng An
Ninh Bình	nổi tiếng	Tràng An và Tam Cốc
Đồng Văn	nổi tiếng	cao nguyên đá
Đèo Hải Vân	nổi bật	cảnh quan ngoạn mục
Hạ Long	có	vịnh di sản thiên nhiên thế giới
Cù Lao Chàm	được công nhận	khu dự trữ sinh quyển
Hà Giang	thu hút	Cao nguyên đá
Cù Lao Chàm	được UNESCO công nhận	khu dự trữ sinh quyển thế giới
Đà Lạt	độc đáo	Thung lũng Tình Yêu
Sapa	đặc trưng	ruộng bậc thang
Đà Nẵng	sở hữu	Cầu Vàng
Đồng Văn	đặc biệt	cao nguyên đá
Hà Giang	sở hữu	Cao nguyên đá Đồng Văn
Tràng An	ví như	vịnh Hạ Long trên cạn
Đà Lạt	được gọi	Thành phố ngàn hoa
Bắc Hà	nổi bật	Chợ phiên
Sa Pa	có	Ruộng bậc thang Mù Cang Chải
Cù Lao Chàm	bảo tồn	rạn san hô nguyên sinh
Hạ Long	nổi tiếng	Vịnh Hạ Long
Quảng Bình	khám phá	Hang Sơn Đoòng lớn nhất thế giới
Côn Đảo	nhà tù	lịch sử
Mù Cang Chải	tổ chức	Lễ hội dù lượn
Bắc Kạn	có	hồ Ba Bể
Quảng Bình	kỳ quan	động Phong Nha
Cần Thơ	có	chợ nổi Cái Răng
Hà Giang	đặc trưng	cao nguyên đá
Mũi Né	nơi có	đồi cát Bay
Hội An	lưu giữ	phố cổ Hội An
Quảng Ninh	sở hữu	đảo Cô Tô
Hạ Long	nổi tiếng	Vịnh
Thác Bản Giốc	lớn nhất Việt Nam	thác nước trên đường biên
Huế	lưu giữ	lăng tẩm hoàng gia
Cần Thơ	đặc trưng với	Chợ nổi Cái Răng
Ninh Bình	nổi tiếng với	Tràng An
Cao nguyên đá Đồng Văn	đặc trưng	ruộng bậc thang đá
Đà Lạt	sở hữu	rừng thông và khí hậu mát mẻ
Lạng Sơn	tổ chức	Lễ hội chùa Tam Thanh
Ninh Bình	được gọi	Vịnh Hạ Long trên cạn
Phong Nha-Kẻ Bàng	chứa	hang Sơn Đoòng
Sapa	đặc trưng	Ruộng bậc thang mù sương
Hội An	bảo tồn	Phố cổ UNESCO
Phong Nha	nổi tiếng với	hang Sơn Đoòng
Mù Cang Chải	sở hữu	ruộng bậc thang tuyệt đẹp
Côn Đảo	lưu giữ	nhà tù lịch sử
Đà Nẵng	sở hữu	Ngũ Hành Sơn
Cát Bà	nổi tiếng với	vườn quốc gia Cát Bà
Huế	lưu giữ	cố đô di sản văn hóa
Đà Lạt	nổi bật	Thung lũng tình yêu
Sa Pa	nổi tiếng với	ruộng bậc thang lúa chín
Buôn Ma Thuột	tổ chức	Lễ
Cao Nguyên Đá Đồng Văn	đặc trưng với	cảnh quan đá vôi độc đáo
Phong Nha	sở hữu	hệ thống hang động
Đà Lạt	biết đến	rừng thông và hồ Xuân Hương
Phong Nha-Kẻ Bàng	sở hữu	Hang Sơn Đoòng
Hội An	di sản	văn hóa thế giới
Huế	lưu giữ	lăng tẩm các vua Nguyễn
Mỹ Sơn	gìn giữ	Thánh địa Chăm
Làng Gốm Bát Tràng	truyền thống	nghệ thuật gốm sứ
Bà Nà Hills	có	cầu Vàng độc đáo
Phú Quốc	nổi tiếng	bãi biển Sao
Sa Pa	có	ruộng bậc thang Mù Cang Chải
Cao nguyên đá Đồng Văn	công viên địa chất	cảnh quan đá vôi độc đáo
Tràng An	nổi tiếng	quần thể danh thắng
Hạ Long	sở hữu	Vịnh Hạ Long
Ninh Bình	nổi tiếng	Tràng An di sản kép
Hà Giang	cao nguyên đá	UNESCO công nhận
Bà Nà Hills	kỳ ảo	làng Pháp trên núi
Đà Nẵng	nổi bật	Cầu V
Hạ Long Bay	nổi tiếng	hệ thống hang động karst
Phú Quốc	nổi tiếng	Bãi Sao
Đà Lạt	sở hữu	Rừng thông
Bà Nà Hills	có	cầu Vàng
Mỹ Sơn	di sản văn hóa	thánh địa Champa cổ
Bà Nà Hills	thu hút	cây cầu Vàng
Côn Đảo	gắn liền	nhà tù Côn Đảo
Hà Giang	nổi tiếng với	Cao nguyên đá Đồng Văn
Phú Quốc	nổi tiếng	hòn đảo ngọc
Hạ Long Bay	là nơi có	hàng nghìn hòn đảo đá vôi
Phong Nha-Kẻ Bàng	sở hữu	hang động lớn nhất thế giới
Phong Nha - Kẻ Bàng	có	hang động lớn nhất thế giới
Thác Bản Giốc	nổi tiếng với	thác nước hùng vĩ trên biên giới
Mũi Né	nổi tiếng	đồi cát đỏ
Bà Nà Hills	gây ấn tượng bởi	Cầu Vàng với bàn tay khổng lồ
Đà Lạt	nổi bật bởi	hồ Xuân Hương
Huế	lưu giữ	cố đô
Chợ nổi Cái Răng	sôi động	thuyền buôn bán
Cần Thơ	nổi tiếng	Chợ nổi Cái Răng
Thánh địa Mỹ Sơn	di sản	kiến trúc Chăm pa
Sa Pa	nổi bật với	ruộng bậc thang tuyệt đẹp
Sa Pa	nổi tiếng với	ruộng bậc thang Mù Cang Chải
Phong Nha	chứa đựng	hệ thống hang động lớn
Phong Nha-Kẻ Bàng	chứa	hệ thống hang động lớn nhất thế giới
Hang Sơn Đoòng	lớn nhất	hệ thống hang động ngầm
Hội An	nổi bật	phố cổ đèn lồng
Côn Đảo	lưu giữ	di tích nhà tù
Hà Giang	đặc biệt	cao nguyên đá Đồng Văn
Phong Nha-Kẻ Bàng	chứa đựng	hệ thống hang động lớn
Đà Nẵng	điểm đến	Cầu Vàng bàn tay khổng lồ
Phú Quốc	sản xuất	Nước mắm truyền thống
Mũi Né	đặc trưng	đồi cát bay
Hồ Ba Bể	là	hồ nước ngọt tự nhiên lớn nhất miền Bắc
Cù Lao Chàm	nổi tiếng	hệ sinh thái biển đa dạng
Chợ tình Khâu Vai	đặc trưng	phiên chợ tình yêu
Cù Lao Chàm	khu dự trữ	sinh quyển thế giới
Đồng Văn	sở hữu	cao nguyên đá
Sapa	sở hữu	ruộng bậc thang tuyệt đẹp
Côn Đảo	gắn liền với	hệ sinh thái biển đa dạng
Cao nguyên Đá Đồng Văn	được UNESCO công nhận	công viên địa chất toàn cầu
Huế	di sản	cố đô
Hà Nội	chứa đựng	Văn Miếu Quốc Tử Giám
Côn Đảo	lưu giữ	nhà tù Côn Đảo
Ninh Bình	nổi tiếng với	Tràng An và Tam Cốc
Ninh Bình	có	quần thể danh thắng Tràng An
Phú Quốc	nổi tiếng	nước mắm truyền thống
Ninh Bình	nổi bật với	quần thể danh thắng Tràng An
Thác Bản Giốc	hùng vĩ tại	biên giới Việt-Trung
Hội An	nổi bật với	Phố cổ Hội An
Hang Sơn Đoòng	lớn nhất	hang động tự nhiên
Thác Bản Giốc	là	thác nước lớn nhất Việt Nam
Quảng Bình	nổi tiếng	Động Phong Nha
Tràng An	được gọi	“Hạ Long trên cạn”
Phú Quốc	nổi tiếng	Hòn ngọc Việt Nam
Mũi Né	sở hữu	cồn cát đỏ
Sơn La	tổ chức	Lễ hội Hoa Ban
Phong Nha	chứa đựng	hang động lớn nhất thế giới
Thác Bản Giốc	hùng vĩ	thác nước biên giới
Ninh Bình	ghi danh	phim trường "Kong: Skull Island"
Hà Giang	nổi bật	cao nguyên đá Đồng Văn
Ninh Bình	sở hữu	quần thể danh thắng
Bà Nà Hills	có	cây cầu Vàng
Hội An	lưu giữ	phố cổ với kiến trúc độc đáo
Hạ Long	sở hữu	hàng ngàn đảo đá vôi
Hội An	đặc trưng	đèn lồng
Hạ Long	nổi tiếng với	động Thiên Cung
Pù Luông	thu hút	khu bảo tồn thiên nhiên
Hạ Long	nổi tiếng với	hang động ngầm
Mũi Né	đặc trưng bởi	đồi cát đỏ và trắng
Hà Giang	đặc trưng	cao nguyên đá Đồng
Cầu Vàng Đà Nẵng	biểu tượng	đôi bàn tay khổng lồ
Sa Pa	nổi bật	ruộng bậc thang
Ninh Bình	độc đáo	Tràng An
Phố cổ Hội An	di sản thế giới	kiến trúc cổ kính độc đáo
Tràng An	được biết đến là	quần thể danh thắng thiên nhiên
Cao nguyên đá Đồng Văn	biết đến với	cảnh quan đá vôi độc đáo
Hạ Long	nổi tiếng	Vịnh đá vôi
Huế	lưu giữ	cung điện Nguyễn triều
Yên Bái	nổi tiếng	đồi chè Suối Giàng
Bắc Hà	tổ chức	chợ phiên dân tộc
Bà Nà Hills	hấp dẫn	cáp treo dài nhất thế giới
Phố cổ Hội An	độc đáo	đèn lồng truyền thống
Hội An	nổi bật với	phố cổ đèn lồng
Sa Pa	đặc trưng bởi	ruộng bậc thang
Làng gốm Bát Tràng	nổi tiếng với	sản phẩm gốm sứ truyền thống
Phố cổ Hội An	nổi bật với	kiến trúc cổ kính và đèn lồng
Côn Đảo	nổi tiếng với	nhà tù lịch sử
Đà Lạt	được mệnh danh	thành phố ngàn hoa
Phong Nha-Kẻ Bàng	chứa đựng	hệ thống hang động kỳ vĩ
Hội An	bảo tồn	kiến trúc cổ truyền
Đà Lạt	thành phố	ngàn hoa
Hạ Long Bay	nổi tiếng với	hàng ngàn đảo đá vôi
Huế	duy trì	kinh thành hoàng gia
Mộc Châu	nổi bật	đồi chè xanh mướt
Phú Quốc	nổi tiếng với	bãi biển Sao
Nha Trang	nổi bật	Đảo Yến tự nhiên
Mỹ Sơn	chứa	di tích Chăm Pa
Cao Bằng	chứa đựng	thác Bản Giốc
Huế	giữ	kiến trúc cung đình
Phong Nha-Kẻ Bàng	sở hữu	hệ thống hang động lớn
Côn Đảo	gắn liền	di tích lịch sử
Mộc Châu	nổi tiếng	đồi chè xanh mướt
Mũi Né	độc đáo	Đồi cát bay
Rừng tràm Trà Sư	đa dạng sinh học	chim cò đặc hữu
Côn Đảo	ghi dấu	Nhà tù lịch sử
Hội An	duy trì	phố cổ đèn lồng
Sapa	nổi bật	Ruộng bậc thang
Đà Lạt	nổi bật	Hồ Xuân Hương
Thác Bản Giốc	lớn nhất	thác nước biên giới Đông Nam Á
Hội An	lưu giữ	phố cổ di sản
Cà Mau	đặc biệt	Mũi đất cực Nam
Đà Nẵng	có	cầu Rồng phun lửa
Phú Quốc	nổi tiếng với	hòn đảo ngọc
Cao Bằng	lưu giữ	Thác Bản Giốc hùng vĩ
Hội An	đặc trưng	Đèn lồng rực rỡ
Tràng An	di sản	quần thể danh thắng
Đà Nẵng	có	Bà Nà Hills
Đà Lạt	nổi tiếng	hồ Xuân Hương
Mỹ Sơn	bao gồm	thánh địa Chăm Pa
Phong Nha-Kẻ Bàng	chứa đựng	hang Sơn Đoòng
Tràng An	có	hệ thống hang động trên sông
Phú Quốc	nổi tiếng	biển trong xanh và hải sản tươi ngon
Vịnh Hạ Long	kỳ quan	thiên nhiên thế giới
Hà Giang	nổi bật với	cao nguyên đá Đồng Văn
Mỹ Sơn	lưu giữ	thánh địa Chăm Pa
Huế	nổi tiếng với	Lăng Tự Đức
Cà Mau	cực Nam	Mũi C
Bà Nà Hills	hấp dẫn với	cầu Vàng
Cà Mau	định vị	Mũi Cà Mau
Mỹ Sơn	lưu giữ	di tích tháp Chăm cổ
Vịnh Hạ Long	được UNESCO công nhận là	Di sản Thiên nhiên Thế giới
Mũi Né	được biết đến	cồn cát bay
Quy Nhơn	đặc biệt	Eo Gió
Cao Bằng	đặc trưng	Thác Bản Giốc
Động Thiên Đường	nổi tiếng với	cảnh quan huyền bí dưới lòng đất
Kon Tum	gìn giữ	Nhà rông
Hang Sơn Đoòng	lớn nhất	hang động thế giới
Đà Nẵng	tự hào	cầu Rồng phun lửa
Cao Bằng	có thác	thác Bản
Cúc Phương	là vườn quốc gia đầu tiên	Việt Nam
Phú Quốc	sở hữu	bãi Sao
Đà Lạt	nổi tiếng với	Thung lũng Tình Yêu
Động Phong Nha	tuyệt đẹp	khối thạch nhũ
Đồng Tháp	nổi bật với	rừng tràm Trà Sư
Cát Bà	đặc trưng	Đảo khỉ
Bắc Hà	đặc sắc	chợ phiên
Mũi Né	hấp dẫn bởi	đồi cát đỏ hùng vĩ
Sa Pa	có	ruộng bậc thang
Cúc Phương	nổi bật	rừng nhiệt đới nguyên sinh
Phú Quốc	nổi danh	bãi biển cát trắng
Mộc Châu	trồng	Cánh đồng chè
Huế	lưu giữ	Lăng Tự Đức
Hội An	nổi bật với	kiến trúc phố cổ đặc trưng
Quảng Bình	khám phá	Hang Sơn Đoòng
Hạ Long	nổi tiếng	đảo đá vôi
Mũi Né	nổi tiếng	đồi cát bay
Hạ Long Bay	nổi tiếng	hang động đá vôi
Quảng Bình	sở hữu	Hang Én
Hạ Long Bay	nổi tiếng với	đảo đá vôi và hang động kỳ thú
Sa Pa	có	Ruộng bậc thang
Sa Pa	nổi bật với	ruộng bậc thang trải dài trên sườn núi
Ninh Bình	được mệnh danh	Vịnh Hạ Long trên cạn
Sapa	nổi bật	bản sắc văn hóa dân tộc thiểu số
Phong Nha	chứa	Hang Sơn Đoòng
Huế	duy trì	Lăng tẩm hoàng gia
Côn Đảo	bảo tồn	Rùa biển Côn Đảo
Phú Quốc	nổi tiếng	bãi Sao
Sa Pa	ruộng bậc thang	vùng cao
Mỹ Sơn	sở hữu	thánh địa Chăm Pa
Đầm Vân Long	lớn nhất	khu bảo tồn đất ngập nước
Động Phong Nha	dài nhất	hang nước ngầm Việt Nam
Ninh Bình	Tràng An	di sản kép
Động Phong Nha	nổi tiếng với	hệ thống hang động phức tạp
Cánh đồng quạt gió Bạc Liêu	ấn tượng	tua-bin gió
Chợ nổi Cái Răng	đặc sắc với	hoạt động mua bán trên sông
Đà Nẵng	tổ chức	Lễ hội pháo hoa quốc tế
Huế	lưu giữ	Lăng tẩm vua Nguyễn
Sơn Đoòng	là	hang động kỳ vĩ
Phong Nha - Kẻ Bàng	chứa đựng	hang động Sơn Đoòng
Cánh đồng Mường Hoa	độc đáo	ruộng bậc thang
Bà Nà Hills	cáp treo	dài nhất thế giới
Côn Đảo	lưu giữ	Nhà tù Côn Đảo
Động Phong Nha	dài nhất	hang động nước ngầm
Động Phong Nha	được mệnh danh	động nước dài nhất thế giới
Phong Nha	sở hữu	hang động kỳ vĩ
Mũi Né	nổi tiếng	Cồn cát
Cao Bằng	có	thác Bản Giốc
Hà Giang	đặc trưng bởi	đèo Mã Pí Lèng
Quảng Bình	nổi tiếng	hang Én
Bà Nà Hills	sở hữu	cây cầu Vàng
Phong Nha-Kẻ Bàng	nổi tiếng với	hệ thống hang động đa dạng
Cù Lao Chàm	khu dự trữ sinh quyển	đa dạng sinh học biển
Hạ Long	nổi tiếng	hang động đá vôi
Đồng Tháp	bảo tồn	Vườn quốc gia Tràm Chim
Hà Giang	đặc trưng	cao nguyên đá Đồng Văn
Phong Nha-Kẻ Bàng	sở hữu	hang Sơn Đoòng
Mekong Delta	địa điểm của	chợ nổi Cái Răng
Phú Quốc	phát triển	Ngọc trai
Mũi Né	hấp dẫn	Đồi cát bay
Phú Quốc	nổi danh	hòn ngọc biển Đông
Sapa	nổi tiếng với	ruộng bậc thang
Thủ đô Hà Nội	duy nhất	Lăng Chủ tịch Hồ Chí Minh
Mỹ Sơn	chứa đựng	tháp Chăm
Quảng Bình	nổi bật	Động Phong Nha
Đà Lạt	gắn liền	thung lũng tình yêu
Ninh Bình	mệnh danh	Vịnh Hạ Long trên cạn
Quy Nhơn	nổi bật với	Eo Gió
Sa Pa	đặc trưng với	ruộng bậc thang và dân tộc thiểu số
Mù Cang Chải	thu hút bởi	lễ
Hội An	giữ gìn	kiến trúc cổ
Mũi Né	nổi bật	Đồi cát bay
Hội An	lưu giữ	Phố cổ
Côn Đảo	gắn liền	nhà tù lịch sử
Cao Bằng	thắng cảnh	thác Bản Giốc
Phong Nha-Kẻ Bàng	nổi tiếng	Hệ thống hang động kỳ vĩ
Hà Giang	đặc trưng	đèo Mã Pí Lè
Quảng Bình	khám phá	Hang Én
Cù Lao Chàm	được UNESCO công nhận là	Khu Dự trữ Sinh quyển Thế giới
Chùa Hương	nổi tiếng với	lễ hội lớn nhất Việt Nam
Hồ Ba Bể	độc đáo với	hồ nước ngọt giữa núi rừng
Ninh Bình	nơi có	Tam Cốc - Bích Động
Động Phong Nha	nổi tiếng với	hệ thống hang động dài và đẹp
Mũi Né	đặc trưng với	đồi cát bay
Đồng Tháp	có	Tràm Chim Quốc gia
Sa Pa	đặc trưng	Ruộng bậc thang
Hồ Ba Bể	nằm trong	công viên địa chất toàn cầu
Hạ Long	chứa	hang Sửng Sốt
Hội An	bảo tồn	kiến trúc cổ
Cần Giờ	đặc trưng	rừng ngập mặn
Hạ Long	nổi tiếng	hang động ngầm
Huế	đặc trưng	cố đô và lăng tẩm
Côn Đảo	ghi dấu	nhà tù lịch sử
Tây Ninh	có địa điểm	hồ Dầu Tiếng
Đà Nẵng	đặc trưng với	cầu Vàng trên núi
Hạ Long	được biết đến với	hang Sửng Sốt
Huế	thu hút du khách bởi	chùa Thiên Mụ
Sapa	thu hút du khách bởi	chợ tình Sapa
Bà Nà Hills	được biết đến với	tàu hỏa leo núi
Hà Nội	có địa điểm	văn miếu Quốc Tử Giám
Đà Lạt	nổi tiếng với	thung lũng Tình Yêu
Cần Thơ	được biết đến với	vườn trái cây Phong Điền
Tây Ninh	nổi tiếng với	núi Bà Đen
Vũng Tàu	nổi tiếng với	ngọn hải đăng Vũng Tàu
Ninh Bình	đặc trưng với	chùa Bái Đính
Mộc Châu	nổi tiếng với	thác Dải Yếm
Cần Thơ	thu hút du khách bởi	nhà cổ Bình Thủy
Đà Lạt	đặc trưng với	hồ Xuân Hương
Tam Đảo	nổi tiếng với	vườn quốc gia Tam Đảo
Bà Nà Hills	thu hút du khách bởi	tàu hỏa leo núi
Cần Thơ	thu hút du khách bởi	vườn trái cây Phong Điền
Bà Nà Hills	có địa điểm	vườn hoa Le Jardin
Mộc Châu	thu hút du khách bởi	hoa mận đầu xuân
Lào Cai	có địa điểm	chợ Cốc Lếu
Phú Quốc	đặc trưng với	bãi Sao
Phú Quốc	có địa điểm	nhà tù Phú Quốc
Mộc Châu	có địa điểm	cầu kính Bạch Long
Cần Thơ	có địa điểm	bến Ninh Kiều
Hội An	thu hút du khách bởi	chùa Cầu
Bà Nà Hills	được biết đến với	vườn hoa Le Jardin
Đà Nẵng	có địa điểm	bãi biển Mỹ Khê
Đà Lạt	có địa điểm	thung lũng Tình Yêu
Cần Thơ	có địa điểm	chợ nổi Cái Răng
Sapa	được biết đến với	bản Cát Cát
Ninh Bình	nổi tiếng với	chùa Bái Đính
Sapa	có địa điểm	núi Fansipan
Hà Giang	nổi tiếng với	phố cổ Đồng Văn
Ninh Bình	được biết đến với	tràng An
Hạ Long	thu hút du khách bởi	vịnh Hạ Long được UNESCO công nhận
Cần Thơ	đặc trưng với	bến Ninh Kiều
Phú Quốc	thu hút du khách bởi	lặn ngắm san hô
Sapa	nổi tiếng với	bản Cát Cát
Mộc Châu	nổi tiếng với	cầu kính Bạch Long
Ninh Bình	thu hút du khách bởi	cố đô Hoa Lư
Mộc Châu	đặc trưng với	cầu kính Bạch Long
Hội An	thu hút du khách bởi	đèn lồng đêm phố cổ
Huế	đặc trưng với	nhã nhạc cung đình
Quảng Bình	nổi tiếng với	biển Nhật Lệ
Huế	đặc trưng với	chùa Thiên Mụ
Tây Ninh	thu hút du khách bởi	hồ Dầu Tiếng
Đà Nẵng	được biết đến với	bãi biển Mỹ Khê
Sapa	có địa điểm	ruộng bậc thang Mường Hoa
Bến Tre	nổi tiếng với	làng nghề kẹo dừa
Nha Trang	được biết đến với	viện Hải dương học
Mộc Châu	đặc trưng với	thác Dải Yếm
Nha Trang	nổi tiếng với	viện Hải dương học
Huế	thu hút du khách bởi	lăng Tự Đức
Bà Nà Hills	nổi tiếng với	hầm rượu Debay
Mộc Châu	đặc trưng với	đồi chè Mộc Châu
Tam Đảo	thu hút du khách bởi	thác Bạc Tam Đảo
Cần Thơ	đặc trưng với	nhà cổ Bình Thủy
Hà Giang	được biết đến với	cao nguyên đá Đồng Văn
Đà Lạt	có địa điểm	hồ Xuân Hương
Nha Trang	thu hút du khách bởi	tháp Bà Ponagar
Hạ Long	đặc trưng với	đảo Titop
Cần Thơ	đặc trưng với	vườn trái cây Phong Điền
Hạ Long	được biết đến với	đảo Titop
Lào Cai	được biết đến với	ga Lào Cai
Sapa	nổi tiếng với	núi Fansipan
Hạ Long	nổi tiếng với	du thuyền trên vịnh
Cần Thơ	được biết đến với	nhà cổ Bình Thủy
Lào Cai	được biết đến với	đền Thượng
Tam Đảo	nổi tiếng với	cổng trời
Lào Cai	được biết đến với	biên giới Việt - Trung
Cần Thơ	thu hút du khách bởi	chợ nổi Cái Răng
Bến Tre	có địa điểm	làng nghề kẹo dừa
Mộc Châu	đặc trưng với	hoa mận đầu xuân
Hội An	nổi tiếng với	chùa Cầu
Bến Tre	có địa điểm	du lịch miệt vườn
Nha Trang	thu hút du khách bởi	vinpearl Land
Bến Tre	có địa điểm	dừa xiêm
Mộc Châu	nổi tiếng với	đồi chè Mộc Châu
Tam Đảo	thu hút du khách bởi	vườn quốc gia Tam Đảo
Bến Tre	được biết đến với	làng nghề kẹo dừa
Đà Lạt	nổi tiếng với	hồ Xuân Hương
Hà Nội	nổi tiếng với	văn miếu Quốc Tử Giám
Phú Quốc	nổi tiếng với	bãi Sao
Tam Đảo	đặc trưng với	thác Bạc Tam Đảo
Bà Nà Hills	có địa điểm	làng Pháp
Vũng Tàu	thu hút du khách bởi	tượng Chúa Kito
Đà Nẵng	nổi tiếng với	bãi biển Mỹ Khê
Hà Giang	nổi tiếng với	đèo Mã Pí Lèng
Cần Thơ	được biết đến với	chợ nổi Cái Răng
Vũng Tàu	có địa điểm	ngọn hải đăng Vũng Tàu
Bà Nà Hills	nổi tiếng với	tàu hỏa leo núi
Vũng Tàu	nổi tiếng với	bạch Dinh
Phú Quốc	đặc trưng với	lặn ngắm san hô
Bến Tre	thu hút du khách bởi	du lịch miệt vườn
Hà Nội	được biết đến với	hồ Gươm
Ninh Bình	được biết đến với	cố đô Hoa Lư
Hạ Long	có địa điểm	hang Sửng Sốt
Nha Trang	có địa điểm	viện Hải dương học
Mộc Châu	có địa điểm	hoa mận đầu xuân
Tam Đảo	thu hút du khách bởi	nhà thờ đá
Tam Đảo	nổi tiếng với	nhà thờ đá
Hà Giang	thu hút du khách bởi	đèo Mã Pí Lèng
Phú Quốc	thu hút du khách bởi	nhà tù Phú Quốc
Đà Lạt	thu hút du khách bởi	vườn hoa thành phố
Ninh Bình	đặc trưng với	tràng An
Quảng Bình	nổi tiếng với	suối nước Moọc
Lào Cai	thu hút du khách bởi	ga Lào Cai
Nha Trang	nổi tiếng với	vinpearl Land
Vũng Tàu	được biết đến với	bãi Sau
Bến Tre	đặc trưng với	du lịch miệt vườn
Hà Nội	đặc trưng với	lăng Bác
Đà Lạt	nổi tiếng với	chợ đêm Đà Lạt
Hạ Long	đặc trưng với	vịnh Hạ Long được UNESCO công nhận
Hạ Long	thu hút du khách bởi	du thuyền trên vịnh
Nha Trang	thu hút du khách bởi	viện Hải dương học
Tây Ninh	được biết đến với	tòa thánh Cao Đài
Bến Tre	được biết đến với	cồn Phụng
Hà Giang	thu hút du khách bởi	phố cổ Đồng Văn
Quảng Bình	được biết đến với	động Phong Nha
Ninh Bình	đặc trưng với	cố đô Hoa Lư
Mộc Châu	được biết đến với	cầu kính Bạch Long
Đà Lạt	được biết đến với	chợ đêm Đà Lạt
Hạ Long	đặc trưng với	du thuyền trên vịnh
Cần Thơ	nổi tiếng với	chợ nổi Cái Răng
Quảng Bình	đặc trưng với	suối nước Moọc
Cần Thơ	có địa điểm	vườn trái cây Phong Điền
Hạ Long	nổi tiếng với	vịnh Hạ Long được UNESCO công nhận
Vũng Tàu	nổi tiếng với	bãi Sau
Sapa	nổi tiếng với	ruộng bậc thang Mường Hoa
Hội An	có địa điểm	phố cổ Hội An
Nha Trang	thu hút du khách bởi	hòn Mun
Phú Quốc	nổi tiếng với	nhà tù Phú Quốc
Tây Ninh	thu hút du khách bởi	núi Bà Đen
Quảng Bình	đặc trưng với	biển Nhật Lệ
Sapa	nổi tiếng với	chợ tình Sapa
Nha Trang	có địa điểm	vinpearl Land
Vũng Tàu	thu hút du khách bởi	bạch Dinh
Hội An	đặc trưng với	phố cổ Hội An
Sapa	được biết đến với	ruộng bậc thang Mường Hoa
Quảng Bình	thu hút du khách bởi	động Phong Nha
Bến Tre	được biết đến với	dừa xiêm
Nha Trang	có địa điểm	hòn Mun
Sapa	được biết đến với	núi Fansipan
Nha Trang	được biết đến với	tháp Bà Ponagar
Lào Cai	đặc trưng với	ga Lào Cai
Tây Ninh	đặc trưng với	tòa thánh Cao Đài
Hội An	thu hút du khách bởi	phố cổ Hội An
Cần Thơ	nổi tiếng với	nhà cổ Bình Thủy
Nha Trang	được biết đến với	vinpearl Land
Cần Thơ	thu hút du khách bởi	bến Ninh Kiều
Hà Nội	thu hút du khách bởi	phố cổ Hà Nội
Mộc Châu	thu hút du khách bởi	thác Dải Yếm
Hà Nội	có địa điểm	lăng Bác
Nha Trang	nổi tiếng với	tháp Bà Ponagar
Hà Giang	được biết đến với	phố cổ Đồng Văn
Đà Nẵng	có địa điểm	bà Nà Hills
Tây Ninh	đặc trưng với	chùa Gò Kén
Hội An	được biết đến với	đèn lồng đêm phố cổ
Tam Đảo	đặc trưng với	nhà thờ đá
Ninh Bình	có địa điểm	cố đô Hoa Lư
Huế	có địa điểm	nhã nhạc cung đình
Hà Nội	thu hút du khách bởi	lăng Bác
Tây Ninh	đặc trưng với	núi Bà Đen
Vũng Tàu	đặc trưng với	ngọn hải đăng Vũng Tàu
Hà Nội	nổi tiếng với	lăng Bác
Đà Nẵng	được biết đến với	cầu Vàng trên núi
Tây Ninh	nổi tiếng với	chùa Gò Kén
Bà Nà Hills	thu hút du khách bởi	hầm rượu Debay
Hội An	có địa điểm	đèn lồng đêm phố cổ
Cần Thơ	nổi tiếng với	vườn trái cây Phong Điền
Cần Thơ	được biết đến với	bến Ninh Kiều
Hà Nội	có địa điểm	hồ Gươm
Mộc Châu	có địa điểm	thác Dải Yếm
Vũng Tàu	có địa điểm	bạch Dinh
Hội An	có địa điểm	chùa Cầu
Hà Giang	có địa điểm	phố cổ Đồng Văn
Tây Ninh	nổi tiếng với	tòa thánh Cao Đài
Ninh Bình	được biết đến với	chùa Bái Đính
Bến Tre	nổi tiếng với	du lịch miệt vườn
Lào Cai	có địa điểm	ga Lào Cai
Quảng Bình	có địa điểm	hang Sơn Đoòng
Lào Cai	đặc trưng với	chợ Cốc Lếu
Bến Tre	đặc trưng với	cồn Phụng
Hà Giang	có địa điểm	cột cờ Lũng Cú
Tam Đảo	được biết đến với	cổng trời
Lào Cai	thu hút du khách bởi	chợ Cốc Lếu
Ninh Bình	thu hút du khách bởi	chùa Bái Đính
Mộc Châu	được biết đến với	thác Dải Yếm
Tây Ninh	được biết đến với	chùa Gò Kén
Hội An	đặc trưng với	đèn lồng đêm phố cổ
Đà Nẵng	có địa điểm	cầu Vàng trên núi
Hà Nội	đặc trưng với	văn miếu Quốc Tử Giám
Tam Đảo	được biết đến với	nhà thờ đá
Ninh Bình	có địa điểm	tam Cốc - Bích Động
Mộc Châu	thu hút du khách bởi	đồi chè Mộc Châu
Huế	được biết đến với	nhã nhạc cung đình
Tam Đảo	nổi tiếng với	thác Bạc Tam Đảo
Vũng Tàu	nổi tiếng với	tượng Chúa Kito
Hà Giang	đặc trưng với	phố cổ Đồng Văn
Lào Cai	được biết đến với	chợ Cốc Lếu
Lào Cai	có địa điểm	biên giới Việt - Trung
Mộc Châu	có địa điểm	đồi chè Mộc Châu
Hạ Long	có địa điểm	vịnh Hạ Long được UNESCO công nhận
Sapa	đặc trưng với	bản Cát Cát
Quảng Bình	nổi tiếng với	động Phong Nha
Phú Quốc	nổi tiếng với	lặn ngắm san hô
Tây Ninh	nổi tiếng với	hồ Dầu Tiếng
Hà Giang	có địa điểm	đèo Mã Pí Lèng
Tây Ninh	thu hút du khách bởi	chùa Gò Kén
Sapa	thu hút du khách bởi	núi Fansipan
Vũng Tàu	có địa điểm	tượng Chúa Kito
Huế	nổi tiếng với	lăng Tự Đức
Lào Cai	thu hút du khách bởi	biên giới Việt - Trung
Tam Đảo	đặc trưng với	cổng trời
Quảng Bình	đặc trưng với	hang Sơn Đoòng
Đà Lạt	đặc trưng với	vườn hoa thành phố
Đà Nẵng	được biết đến với	bà Nà Hills
Cần Thơ	nổi tiếng với	bến Ninh Kiều
Ninh Bình	nổi tiếng với	tam Cốc - Bích Động
Sapa	có địa điểm	bản Cát Cát
Cần Thơ	đặc trưng với	chợ nổi Cái Răng
Mộc Châu	được biết đến với	hoa mận đầu xuân
Vũng Tàu	thu hút du khách bởi	ngọn hải đăng Vũng Tàu
Mộc Châu	nổi tiếng với	hoa mận đầu xuân
Hội An	đặc trưng với	ẩm thực cao lầu
Vũng Tàu	có địa điểm	bãi Sau
Bến Tre	thu hút du khách bởi	cồn Phụng
Hạ Long	có địa điểm	đảo Titop
Vũng Tàu	đặc trưng với	bãi Sau
Đà Lạt	nổi tiếng với	vườn hoa thành phố
Ninh Bình	được biết đến với	tam Cốc - Bích Động
Bà Nà Hills	có địa điểm	hầm rượu Debay
Hội An	có địa điểm	ẩm thực cao lầu
Quảng Bình	có địa điểm	suối nước Moọc
Ninh Bình	thu hút du khách bởi	tam Cốc - Bích Động
Tây Ninh	có địa điểm	núi Bà Đen
Đà Nẵng	nổi tiếng với	bà Nà Hills
Đà Nẵng	được biết đến với	cầu Rồng phun lửa
Bà Nà Hills	đặc trưng với	tàu hỏa leo núi
Bà Nà Hills	nổi tiếng với	vườn hoa Le Jardin
Huế	thu hút du khách bởi	kinh thành Huế
Đà Lạt	thu hút du khách bởi	thung lũng Tình Yêu
Quảng Bình	đặc trưng với	động Phong Nha
Đà Nẵng	đặc trưng với	bãi biển Mỹ Khê
Hạ Long	thu hút du khách bởi	đảo Titop
Vũng Tàu	được biết đến với	tượng Chúa Kito
Hà Nội	đặc trưng với	hồ Gươm
Quảng Bình	có địa điểm	động Phong Nha
Vũng Tàu	thu hút du khách bởi	bãi Sau
Phú Quốc	đặc trưng với	nhà tù Phú Quốc
Đà Lạt	đặc trưng với	chợ đêm Đà Lạt
Bến Tre	thu hút du khách bởi	dừa xiêm
Nha Trang	nổi tiếng với	hòn Mun
Đà Lạt	được biết đến với	thung lũng Tình Yêu
Sapa	đặc trưng với	chợ tình Sapa
Lào Cai	nổi tiếng với	biên giới Việt - Trung
Hội An	thu hút du khách bởi	ẩm thực cao lầu
Hội An	được biết đến với	phố cổ Hội An
Huế	thu hút du khách bởi	nhã nhạc cung đình
Sapa	được biết đến với	chợ tình Sapa
Huế	có địa điểm	chùa Thiên Mụ
Tây Ninh	đặc trưng với	hồ Dầu Tiếng
Hà Giang	được biết đến với	đèo Mã Pí Lèng
Hà Giang	nổi tiếng với	cột cờ Lũng Cú
Phú Quốc	thu hút du khách bởi	chợ đêm Dương Đông
Tam Đảo	được biết đến với	vườn quốc gia Tam Đảo
Huế	nổi tiếng với	kinh thành Huế
Đà Lạt	có địa điểm	vườn hoa thành phố
Phú Quốc	đặc trưng với	chợ đêm Dương Đông
Đà Nẵng	có địa điểm	cầu Rồng phun lửa
Hạ Long	được biết đến với	du thuyền trên vịnh
Hà Giang	được biết đến với	cột cờ Lũng Cú
Ninh Bình	nổi tiếng với	tràng An
Sapa	có địa điểm	chợ tình Sapa
Bến Tre	đặc trưng với	dừa xiêm
Lào Cai	thu hút du khách bởi	đền Thượng
Hội An	nổi tiếng với	đèn lồng đêm phố cổ
Đà Lạt	thu hút du khách bởi	chợ đêm Đà Lạt
Bà Nà Hills	nổi tiếng với	làng Pháp
Sapa	thu hút du khách bởi	bản Cát Cát
Hạ Long	đặc trưng với	hang Sửng Sốt
Huế	nổi tiếng với	chùa Thiên Mụ
Bà Nà Hills	được biết đến với	hầm rượu Debay
Phú Quốc	được biết đến với	nhà tù Phú Quốc
Đà Nẵng	nổi tiếng với	cầu Vàng trên núi
Quảng Bình	có địa điểm	biển Nhật Lệ
Ninh Bình	có địa điểm	chùa Bái Đính
Đà Nẵng	thu hút du khách bởi	cầu Rồng phun lửa
Đà Nẵng	thu hút du khách bởi	bà Nà Hills
Hạ Long	được biết đến với	vịnh Hạ Long được UNESCO công nhận
Nha Trang	đặc trưng với	vinpearl Land
Tam Đảo	được biết đến với	thác Bạc Tam Đảo
Nha Trang	có địa điểm	tháp Bà Ponagar
Tây Ninh	được biết đến với	hồ Dầu Tiếng
Huế	được biết đến với	chùa Thiên Mụ
Mộc Châu	thu hút du khách bởi	cầu kính Bạch Long
Hà Nội	được biết đến với	phố cổ Hà Nội
Hà Giang	đặc trưng với	cột cờ Lũng Cú
Đà Lạt	đặc trưng với	thung lũng Tình Yêu
Đà Lạt	có địa điểm	chợ đêm Đà Lạt
Huế	được biết đến với	kinh thành Huế
Hạ Long	thu hút du khách bởi	hang Sửng Sốt
Tam Đảo	có địa điểm	nhà thờ đá
Tây Ninh	được biết đến với	núi Bà Đen
Hội An	nổi tiếng với	ẩm thực cao lầu
Bà Nà Hills	đặc trưng với	làng Pháp
Phú Quốc	được biết đến với	lặn ngắm san hô
Đà Lạt	thu hút du khách bởi	hồ Xuân Hương
Hà Nội	thu hút du khách bởi	hồ Gươm
Phú Quốc	có địa điểm	lặn ngắm san hô
Hà Giang	thu hút du khách bởi	cột cờ Lũng Cú
Hà Nội	nổi tiếng với	phố cổ Hà Nội
Phú Quốc	thu hút du khách bởi	bãi Sao
Lào Cai	nổi tiếng với	đền Thượng
Hà Nội	đặc trưng với	phố cổ Hà Nội
Mộc Châu	được biết đến với	đồi chè Mộc Châu
Ninh Bình	đặc trưng với	tam Cốc - Bích Động
Sapa	đặc trưng với	núi Fansipan
Huế	có địa điểm	kinh thành Huế
Phú Quốc	được biết đến với	bãi Sao
Hạ Long	nổi tiếng với	đảo Titop
Bến Tre	được biết đến với	du lịch miệt vườn
Hà Nội	được biết đến với	văn miếu Quốc Tử Giám
Hà Giang	có địa điểm	cao nguyên đá Đồng Văn
Bà Nà Hills	đặc trưng với	vườn hoa Le Jardin
Hà Giang	đặc trưng với	cao nguyên đá Đồng Văn
Hạ Long	có địa điểm	du thuyền trên vịnh
Vũng Tàu	đặc trưng với	bạch Dinh
Hội An	được biết đến với	ẩm thực cao lầu
Lào Cai	đặc trưng với	biên giới Việt - Trung
Hội An	đặc trưng với	chùa Cầu
Quảng Bình	thu hút du khách bởi	suối nước Moọc
Huế	nổi tiếng với	nhã nhạc cung đình
Đà Nẵng	thu hút du khách bởi	cầu Vàng trên núi
Lào Cai	nổi tiếng với	ga Lào Cai
Bến Tre	nổi tiếng với	dừa xiêm
Bà Nà Hills	thu hút du khách bởi	làng Pháp
Bến Tre	thu hút du khách bởi	làng nghề kẹo dừa
Quảng Bình	nổi tiếng với	hang Sơn Đoòng
Đà Nẵng	đặc trưng với	cầu Rồng phun lửa
Bà Nà Hills	thu hút du khách bởi	vườn hoa Le Jardin
Hà Nội	nổi tiếng với	hồ Gươm
Vũng Tàu	được biết đến với	ngọn hải đăng Vũng Tàu
Hà Nội	có địa điểm	phố cổ Hà Nội
Quảng Bình	thu hút du khách bởi	biển Nhật Lệ
Vũng Tàu	được biết đến với	bạch Dinh
Bà Nà Hills	được biết đến với	làng Pháp
Ninh Bình	thu hút du khách bởi	tràng An
Cần Thơ	có địa điểm	nhà cổ Bình Thủy
Nha Trang	được biết đến với	hòn Mun
Đà Nẵng	thu hút du khách bởi	bãi biển Mỹ Khê
Quảng Bình	được biết đến với	hang Sơn Đoòng
Ninh Bình	nổi tiếng với	cố đô Hoa Lư
Tây Ninh	thu hút du khách bởi	tòa thánh Cao Đài
Nha Trang	đặc trưng với	viện Hải dương học
Hạ Long	nổi tiếng với	hang Sửng Sốt
Đà Nẵng	đặc trưng với	bà Nà Hills
Nha Trang	đặc trưng với	tháp Bà Ponagar
Lào Cai	nổi tiếng với	chợ Cốc Lếu
Phú Quốc	có địa điểm	bãi Sao
Ninh Bình	có địa điểm	tràng An
Tam Đảo	có địa điểm	vườn quốc gia Tam Đảo
Bà Nà Hills	đặc trưng với	hầm rượu Debay
Lào Cai	đặc trưng với	đền Thượng
Quảng Bình	được biết đến với	biển Nhật Lệ
Hội An	được biết đến với	chùa Cầu
Quảng Bình	thu hút du khách bởi	hang Sơn Đoòng
Tam Đảo	đặc trưng với	vườn quốc gia Tam Đảo
Tây Ninh	có địa điểm	tòa thánh Cao Đài
Tam Đảo	thu hút du khách bởi	cổng trời
Hà Giang	thu hút du khách bởi	cao nguyên đá Đồng Văn
Huế	đặc trưng với	kinh thành Huế
Nha Trang	đặc trưng với	hòn Mun
Huế	đặc trưng với	lăng Tự Đức
Tam Đảo	có địa điểm	thác Bạc Tam Đảo
Tam Đảo	có địa điểm	cổng trời
Phú Quốc	có địa điểm	chợ đêm Dương Đông
Hà Nội	được biết đến với	lăng Bác
Tây Ninh	có địa điểm	chùa Gò Kén
Huế	có địa điểm	lăng Tự Đức
Hội An	nổi tiếng với	phố cổ Hội An
Phú Quốc	nổi tiếng với	chợ đêm Dương Đông
Sapa	đặc trưng với	ruộng bậc thang Mường Hoa
Hà Nội	thu hút du khách bởi	văn miếu Quốc Tử Giám
Đà Lạt	được biết đến với	hồ Xuân Hương
Sapa	thu hút du khách bởi	ruộng bậc thang Mường Hoa
Đà Lạt	được biết đến với	vườn hoa thành phố
Huế	được biết đến với	lăng Tự Đức
Bà Nà Hills	có địa điểm	tàu hỏa leo núi
Bến Tre	đặc trưng với	làng nghề kẹo dừa
Phú Quốc	được biết đến với	chợ đêm Dương Đông
Bến Tre	nổi tiếng với	cồn Phụng
Lào Cai	có địa điểm	đền Thượng
Vũng Tàu	đặc trưng với	tượng Chúa Kito
Hà Giang	đặc trưng với	đèo Mã Pí Lèng
Quảng Bình	được biết đến với	suối nước Moọc
Bến Tre	có địa điểm	cồn Phụng
Huế	thu hút du khách bởi	cầu Tràng Tiền
Đà Lạt	có địa điểm	nhà thờ Con Gà
Sapa	đặc trưng với	nhà thờ đá Sapa
Huế	được biết đến với	đại nội Huế
Hà Nội	được biết đến với	bảo tàng Dân tộc học
Nha Trang	có địa điểm	bãi biển Trần Phú
Phú Quốc	đặc trưng với	vườn tiêu
Sapa	nổi tiếng với	thung lũng Hoa Hồng
Hội An	nổi tiếng với	nhà cổ Tấn Ký
Hội An	có địa điểm	làng gốm Thanh Hà
Đà Nẵng	được biết đến với	lễ hội pháo hoa
Hội An	đặc trưng với	biển Cửa Đại
Hà Nội	thu hút du khách bởi	lăng Chủ tịch Hồ Chí Minh
Hà Nội	thu hút du khách bởi	bảo tàng Dân tộc học
Quảng Bình	nổi tiếng với	sông Chày – hang Tối
Đà Lạt	có địa điểm	trường Cao đẳng Sư phạm
Hà Nội	thu hút du khách bởi	làng gốm Bát Tràng
Đà Nẵng	được biết đến với	chùa Linh Ứng
Phú Quốc	đặc trưng với	Dinh Cậu
Đà Lạt	thu hút du khách bởi	vườn dâu tây
Đà Lạt	nổi tiếng với	ga Đà Lạt
Đà Nẵng	thu hút du khách bởi	Ngũ Hành Sơn
Quảng Bình	đặc trưng với	vườn quốc gia Phong Nha – Kẻ Bàng
Đà Nẵng	được biết đến với	cầu Tình Yêu
Hà Nội	thu hút du khách bởi	phố đi bộ Hồ Gươm
Phú Quốc	có địa điểm	suối Tranh
Phú Quốc	đặc trưng với	suối Tranh
Hà Nội	đặc trưng với	làng gốm Bát Tràng
Phú Quốc	nổi tiếng với	vườn tiêu
Hà Nội	nổi tiếng với	phố đi bộ Hồ Gươm
Quảng Bình	có địa điểm	vườn quốc gia Phong Nha – Kẻ Bàng
Phú Quốc	được biết đến với	Dinh Cậu
Hội An	thu hút du khách bởi	lễ hội đèn lồng
Huế	đặc trưng với	ẩm thực cung đình
Hạ Long	được biết đến với	làng chài Cửa Vạn
Đà Lạt	đặc trưng với	ga Đà Lạt
Đà Lạt	đặc trưng với	trường Cao đẳng Sư phạm
Hạ Long	thu hút du khách bởi	công viên Sun World
Quảng Bình	nổi tiếng với	vườn quốc gia Phong Nha – Kẻ Bàng
Hội An	nổi tiếng với	làng gốm Thanh Hà
Nha Trang	thu hút du khách bởi	hòn Tằm
Đà Nẵng	được biết đến với	Ngũ Hành Sơn
Hội An	thu hút du khách bởi	bảo tàng văn hóa Sa Huỳnh
Hà Nội	có địa điểm	làng gốm Bát Tràng
Hội An	đặc trưng với	nhà cổ Tấn Ký
Hội An	nổi tiếng với	lễ hội đèn lồng
Huế	nổi tiếng với	cầu Tràng Tiền
Huế	được biết đến với	chợ Đông Ba
Quảng Bình	đặc trưng với	động Thiên Đường
Hà Nội	được biết đến với	làng gốm Bát Tràng
Phú Quốc	thu hút du khách bởi	làng chài Hàm Ninh
Đà Lạt	nổi tiếng với	đồi chè Cầu Đất
Hà Nội	thu hút du khách bởi	36 phố phường
Quảng Bình	thu hút du khách bởi	vườn quốc gia Phong Nha – Kẻ Bàng
Quảng Bình	có địa điểm	sông Chày – hang Tối
Đà Nẵng	thu hút du khách bởi	lễ hội pháo hoa
Đà Lạt	nổi tiếng với	vườn dâu tây
Nha Trang	có địa điểm	hòn Tằm
Đà Lạt	được biết đến với	trường Cao đẳng Sư phạm
Hội An	thu hút du khách bởi	biển Cửa Đại
Hà Nội	đặc trưng với	nhà hát Lớn
Đà Nẵng	nổi tiếng với	cầu Tình Yêu
Nha Trang	có địa điểm	chợ Đầm
Hà Nội	được biết đến với	lăng Chủ tịch Hồ Chí Minh
Hạ Long	có địa điểm	động Thiên Cung
Đà Nẵng	được biết đến với	bán đảo Sơn Trà
Đà Lạt	nổi tiếng với	nhà thờ Con Gà
Hà Nội	được biết đến với	hồ Hoàn Kiếm
Đà Lạt	có địa điểm	ga Đà Lạt
Nha Trang	được biết đến với	chợ Đầm
Đà Lạt	được biết đến với	đồi chè Cầu Đất
Hội An	được biết đến với	biển Cửa Đại
Sapa	có địa điểm	thung lũng Hoa Hồng
Hà Nội	được biết đến với	phố đi bộ Hồ Gươm
Đà Lạt	có địa điểm	vườn dâu tây
Sapa	có địa điểm	nhà thờ đá Sapa
Hạ Long	có địa điểm	bãi Cháy
Huế	nổi tiếng với	chợ Đông Ba
Hà Nội	thu hút du khách bởi	chùa Một Cột
Huế	thu hút du khách bởi	đại nội Huế
Hà Nội	đặc trưng với	chùa Một Cột
Hội An	được biết đến với	nhà cổ Tấn Ký
Đà Lạt	nổi tiếng với	trường Cao đẳng Sư phạm
Phú Quốc	có địa điểm	Dinh Cậu
Hà Nội	nổi tiếng với	bảo tàng Dân tộc học
Quảng Bình	được biết đến với	động Thiên Đường
Sapa	đặc trưng với	bản Tả Van
Quảng Bình	có địa điểm	động Thiên Đường
Hạ Long	được biết đến với	công viên Sun World
Phú Quốc	có địa điểm	vườn tiêu
Phú Quốc	có địa điểm	Grand World
Phú Quốc	được biết đến với	suối Tranh
Huế	nổi tiếng với	lễ hội áo dài
Hội An	đặc trưng với	lễ hội đèn lồng
Hà Nội	có địa điểm	chùa Một Cột
Đà Lạt	được biết đến với	ga Đà Lạt
Quảng Bình	nổi tiếng với	động Thiên Đường
Phú Quốc	nổi tiếng với	Grand World
Hạ Long	thu hút du khách bởi	bãi Cháy
Hạ Long	thu hút du khách bởi	động Thiên Cung
Phú Quốc	đặc trưng với	làng chài Hàm Ninh
Quảng Bình	thu hút du khách bởi	động Thiên Đường
Hà Nội	đặc trưng với	bảo tàng Dân tộc học
Hà Nội	được biết đến với	nhà hát Lớn
Nha Trang	thu hút du khách bởi	chợ Đầm
Hạ Long	nổi tiếng với	làng chài Cửa Vạn
Hà Nội	nổi tiếng với	36 phố phường
Sapa	nổi tiếng với	nhà thờ đá Sapa
Hà Nội	đặc trưng với	phố đi bộ Hồ Gươm
Hà Nội	nổi tiếng với	hồ Hoàn Kiếm
Sapa	nổi tiếng với	bản Tả Van
Phú Quốc	thu hút du khách bởi	vườn tiêu
Nha Trang	thu hút du khách bởi	cáp treo vượt biển
Hạ Long	thu hút du khách bởi	làng chài Cửa Vạn
Huế	có địa điểm	đại nội Huế
Sapa	nổi tiếng với	cáp treo Fansipan
Nha Trang	nổi tiếng với	nhà thờ Núi
Hội An	có địa điểm	nhà cổ Tấn Ký
Đà Nẵng	thu hút du khách bởi	bán đảo Sơn Trà
Hội An	thu hút du khách bởi	nhà cổ Tấn Ký
Sapa	được biết đến với	thung lũng Hoa Hồng
Đà Nẵng	đặc trưng với	lễ hội pháo hoa
Phú Quốc	thu hút du khách bởi	suối Tranh
Huế	đặc trưng với	lễ hội áo dài
Đà Nẵng	nổi tiếng với	lễ hội pháo hoa
Hà Nội	thu hút du khách bởi	nhà hát Lớn
Hà Nội	nổi tiếng với	chùa Một Cột
Nha Trang	nổi tiếng với	bãi biển Trần Phú
Quảng Bình	thu hút du khách bởi	sông Chày – hang Tối
Nha Trang	được biết đến với	hòn Tằm
Đà Nẵng	nổi tiếng với	chùa Linh Ứng
Đà Nẵng	có địa điểm	Ngũ Hành Sơn
Hà Nội	đặc trưng với	36 phố phường
Huế	có địa điểm	cầu Tràng Tiền
Đà Lạt	đặc trưng với	nhà thờ Con Gà
Nha Trang	thu hút du khách bởi	bãi biển Trần Phú
Hà Nội	nổi tiếng với	lăng Chủ tịch Hồ Chí Minh
Hà Nội	có địa điểm	phố đi bộ Hồ Gươm
Sapa	được biết đến với	nhà thờ đá Sapa
Đà Nẵng	có địa điểm	lễ hội pháo hoa
Hạ Long	được biết đến với	động Thiên Cung
Đà Nẵng	đặc trưng với	bán đảo Sơn Trà
Nha Trang	đặc trưng với	cáp treo vượt biển
Hạ Long	nổi tiếng với	bãi Cháy
Quảng Bình	được biết đến với	sông Chày – hang Tối
Hội An	nổi tiếng với	bảo tàng văn hóa Sa Huỳnh
Sapa	thu hút du khách bởi	bản Tả Van
Đà Nẵng	có địa điểm	chùa Linh Ứng
Nha Trang	đặc trưng với	hòn Tằm
Nha Trang	được biết đến với	cáp treo vượt biển
Đà Nẵng	có địa điểm	cầu Tình Yêu
Nha Trang	đặc trưng với	nhà thờ Núi
Hà Nội	nổi tiếng với	nhà hát Lớn
Huế	có địa điểm	ẩm thực cung đình
Đà Nẵng	đặc trưng với	chùa Linh Ứng
Nha Trang	được biết đến với	nhà thờ Núi
Phú Quốc	được biết đến với	vườn tiêu
Sapa	đặc trưng với	thung lũng Hoa Hồng
Phú Quốc	đặc trưng với	Grand World
Nha Trang	được biết đến với	bãi biển Trần Phú
Nha Trang	nổi tiếng với	hòn Tằm
Đà Lạt	được biết đến với	nhà thờ Con Gà
Nha Trang	thu hút du khách bởi	nhà thờ Núi
Nha Trang	nổi tiếng với	cáp treo vượt biển
Hà Nội	có địa điểm	lăng Chủ tịch Hồ Chí Minh
Phú Quốc	nổi tiếng với	Dinh Cậu
Huế	thu hút du khách bởi	ẩm thực cung đình
Hội An	thu hút du khách bởi	làng gốm Thanh Hà
Hà Nội	có địa điểm	nhà hát Lớn
Đà Lạt	thu hút du khách bởi	ga Đà Lạt
Huế	đặc trưng với	đại nội Huế
Hà Nội	thu hút du khách bởi	hồ Hoàn Kiếm
Hà Nội	đặc trưng với	lăng Chủ tịch Hồ Chí Minh
Nha Trang	đặc trưng với	chợ Đầm
Hà Nội	có địa điểm	bảo tàng Dân tộc học
Hà Nội	đặc trưng với	hồ Hoàn Kiếm
Đà Nẵng	thu hút du khách bởi	cầu Tình Yêu
Đà Lạt	thu hút du khách bởi	trường Cao đẳng Sư phạm
Huế	đặc trưng với	cầu Tràng Tiền
Nha Trang	có địa điểm	cáp treo vượt biển
Hạ Long	có địa điểm	làng chài Cửa Vạn
Phú Quốc	được biết đến với	Grand World
Hội An	đặc trưng với	bảo tàng văn hóa Sa Huỳnh
Phú Quốc	thu hút du khách bởi	Dinh Cậu
Hạ Long	đặc trưng với	làng chài Cửa Vạn
Hạ Long	có địa điểm	công viên Sun World
Đà Lạt	thu hút du khách bởi	nhà thờ Con Gà
Hạ Long	đặc trưng với	động Thiên Cung
Sapa	thu hút du khách bởi	thung lũng Hoa Hồng
Hội An	nổi tiếng với	biển Cửa Đại
Quảng Bình	đặc trưng với	sông Chày – hang Tối
Hà Nội	có địa điểm	hồ Hoàn Kiếm
Hội An	có địa điểm	biển Cửa Đại
Đà Nẵng	đặc trưng với	Ngũ Hành Sơn
Hạ Long	nổi tiếng với	công viên Sun World
Huế	thu hút du khách bởi	lễ hội áo dài
Huế	được biết đến với	cầu Tràng Tiền
Đà Nẵng	đặc trưng với	cầu Tình Yêu
Đà Lạt	được biết đến với	vườn dâu tây
Hội An	có địa điểm	bảo tàng văn hóa Sa Huỳnh
Đà Nẵng	có địa điểm	bán đảo Sơn Trà
Hà Nội	nổi tiếng với	làng gốm Bát Tràng
Phú Quốc	nổi tiếng với	làng chài Hàm Ninh
Sapa	được biết đến với	cáp treo Fansipan
Nha Trang	đặc trưng với	bãi biển Trần Phú
Hạ Long	được biết đến với	bãi Cháy
Đà Lạt	thu hút du khách bởi	đồi chè Cầu Đất
Sapa	có địa điểm	cáp treo Fansipan
Đà Nẵng	thu hút du khách bởi	chùa Linh Ứng
Nha Trang	nổi tiếng với	chợ Đầm
Huế	được biết đến với	lễ hội áo dài
Hà Nội	được biết đến với	36 phố phường
Hội An	được biết đến với	làng gốm Thanh Hà
Sapa	đặc trưng với	cáp treo Fansipan
Hà Nội	có địa điểm	36 phố phường
Hạ Long	đặc trưng với	công viên Sun World
Sapa	thu hút du khách bởi	cáp treo Fansipan
Hội An	đặc trưng với	làng gốm Thanh Hà
Huế	nổi tiếng với	ẩm thực cung đình
Hội An	được biết đến với	bảo tàng văn hóa Sa Huỳnh
Huế	có địa điểm	lễ hội áo dài
Nha Trang	có địa điểm	nhà thờ Núi
Huế	được biết đến với	ẩm thực cung đình
Phú Quốc	thu hút du khách bởi	Grand World
Huế	nổi tiếng với	đại nội Huế
Phú Quốc	có địa điểm	làng chài Hàm Ninh
Đà Lạt	có địa điểm	đồi chè Cầu Đất
Hạ Long	đặc trưng với	bãi Cháy
Sapa	có địa điểm	bản Tả Van
Huế	có địa điểm	chợ Đông Ba
Đà Nẵng	nổi tiếng với	bán đảo Sơn Trà
Đà Lạt	đặc trưng với	vườn dâu tây
Hội An	có địa điểm	lễ hội đèn lồng
Đà Nẵng	nổi tiếng với	Ngũ Hành Sơn
Sapa	được biết đến với	bản Tả Van
Hội An	được biết đến với	lễ hội đèn lồng
Huế	đặc trưng với	chợ Đông Ba
Quảng Bình	được biết đến với	vườn quốc gia Phong Nha – Kẻ Bàng
Phú Quốc	nổi tiếng với	suối Tranh
Sapa	thu hút du khách bởi	nhà thờ đá Sapa
Hà Nội	được biết đến với	chùa Một Cột
Phú Quốc	được biết đến với	làng chài Hàm Ninh
Huế	thu hút du khách bởi	chợ Đông Ba
Đà Lạt	đặc trưng với	đồi chè Cầu Đất
Chu_the	Quan_he	Doi_tuong
Sapa	hấp dẫn du khách với	bản Tả Van
Quảng Bình	gắn liền với	biển Nhật Lệ
Quảng Bình	hấp dẫn du khách với	động Phong Nha
Huế	hấp dẫn du khách với	ẩm thực cung đình
Huế	hấp dẫn du khách với	kinh thành Huế
Đà Nẵng	hấp dẫn du khách với	cầu Rồng phun lửa
Hạ Long	hấp dẫn du khách với	đảo Titop
Quảng Bình	nổi bật bởi	suối nước Moọc
Phú Quốc	hấp dẫn du khách với	làng chài Hàm Ninh
Huế	nổi bật bởi	đại nội Huế
Sapa	nổi bật bởi	chợ tình Sapa
Huế	là biểu tượng của	chùa Thiên Mụ
Sapa	gắn liền với	thung lũng Hoa Hồng
Hà Nội	hấp dẫn du khách với	lăng Chủ tịch Hồ Chí Minh
Phú Quốc	nổi bật bởi	Dinh Cậu
Hạ Long	hấp dẫn du khách với	du thuyền trên vịnh
Phú Quốc	gắn liền với	bãi Sao
Nha Trang	là biểu tượng của	hòn Mun
Nha Trang	hấp dẫn du khách với	viện Hải dương học
Đà Lạt	là biểu tượng của	vườn hoa thành phố
Nha Trang	hấp dẫn du khách với	hòn Tằm
Hội An	là biểu tượng của	lễ hội đèn lồng
Nha Trang	gắn liền với	chợ Đầm
Quảng Bình	là biểu tượng của	động Thiên Đường
Phú Quốc	hấp dẫn du khách với	chợ đêm Dương Đông
Đà Nẵng	hấp dẫn du khách với	bà Nà Hills
Hội An	hấp dẫn du khách với	nhà cổ Tấn Ký
Đà Lạt	gắn liền với	hồ Xuân Hương
Hạ Long	nổi bật bởi	động Thiên Cung
Đà Lạt	hấp dẫn du khách với	ga Đà Lạt
Đà Nẵng	là biểu tượng của	Ngũ Hành Sơn
Phú Quốc	nổi bật bởi	lặn ngắm san hô
Phú Quốc	là biểu tượng của	vườn tiêu
Huế	nổi bật bởi	cầu Tràng Tiền
Hà Nội	nổi bật bởi	phố đi bộ Hồ Gươm
Đà Lạt	là biểu tượng của	trường Cao đẳng Sư phạm
Đà Lạt	là biểu tượng của	đồi chè Cầu Đất
Hội An	nổi bật bởi	phố cổ Hội An
Hà Nội	hấp dẫn du khách với	văn miếu Quốc Tử Giám
Nha Trang	gắn liền với	cáp treo vượt biển
Sapa	là biểu tượng của	cáp treo Fansipan
Hà Nội	nổi bật bởi	nhà hát Lớn
Hội An	hấp dẫn du khách với	chùa Cầu
Hà Nội	hấp dẫn du khách với	hồ Hoàn Kiếm
Hạ Long	hấp dẫn du khách với	công viên Sun World
Huế	nổi bật bởi	nhã nhạc cung đình
Nha Trang	nổi bật bởi	nhà thờ Núi
Đà Nẵng	là biểu tượng của	bán đảo Sơn Trà
Hà Nội	là biểu tượng của	bảo tàng Dân tộc học
Hội An	là biểu tượng của	đèn lồng đêm phố cổ
Đà Lạt	hấp dẫn du khách với	chợ đêm Đà Lạt
Huế	là biểu tượng của	chợ Đông Ba
Đà Lạt	nổi bật bởi	nhà thờ Con Gà
Đà Nẵng	nổi bật bởi	lễ hội pháo hoa
Phú Quốc	hấp dẫn du khách với	nhà tù Phú Quốc
Hội An	gắn liền với	bảo tàng văn hóa Sa Huỳnh
Quảng Bình	là biểu tượng của	sông Chày – hang Tối
Sapa	hấp dẫn du khách với	bản Cát Cát
Đà Nẵng	nổi bật bởi	cầu Vàng trên núi
Hội An	nổi bật bởi	biển Cửa Đại
Sapa	gắn liền với	ruộng bậc thang Mường Hoa
Phú Quốc	là biểu tượng của	suối Tranh
Hạ Long	là biểu tượng của	vịnh Hạ Long được UNESCO công nhận
Hạ Long	gắn liền với	làng chài Cửa Vạn
Hà Nội	là biểu tượng của	36 phố phường
Nha Trang	gắn liền với	bãi biển Trần Phú
Đà Lạt	hấp dẫn du khách với	vườn dâu tây
Nha Trang	hấp dẫn du khách với	tháp Bà Ponagar
Phú Quốc	là biểu tượng của	Grand World
Quảng Bình	hấp dẫn du khách với	hang Sơn Đoòng
Sapa	hấp dẫn du khách với	núi Fansipan
Hà Nội	hấp dẫn du khách với	làng gốm Bát Tràng
Huế	nổi bật bởi	lễ hội áo dài
Đà Nẵng	hấp dẫn du khách với	chùa Linh Ứng
Đà Nẵng	gắn liền với	bãi biển Mỹ Khê
Quảng Bình	nổi bật bởi	vườn quốc gia Phong Nha – Kẻ Bàng
Đà Lạt	nổi bật bởi	thung lũng Tình Yêu
Sapa	là nơi nổi bật với	núi Fansipan
Hà Nội	là nơi nổi bật với	hồ Hoàn Kiếm
Đà Nẵng	thu hút bởi	chùa Linh Ứng
Huế	có đặc trưng là	đại nội Huế
Hạ Long	nổi tiếng bởi	du thuyền trên vịnh
Quảng Bình	thu hút bởi	suối nước Moọc
Hà Nội	là nơi nổi bật với	văn miếu Quốc Tử Giám
Phú Quốc	mang dấu ấn với	lặn ngắm san hô
Hạ Long	có đặc trưng là	vịnh Hạ Long được UNESCO công nhận
Nha Trang	thu hút bởi	hòn Tằm
Sapa	nổi tiếng bởi	chợ tình Sapa
Đà Nẵng	là nơi nổi bật với	lễ hội pháo hoa
Hạ Long	có đặc trưng là	đảo Titop
Nha Trang	là nơi nổi bật với	bãi biển Trần Phú
Đà Nẵng	mang dấu ấn với	cầu Vàng trên núi
Đà Nẵng	là nơi nổi bật với	bán đảo Sơn Trà
Hạ Long	có đặc trưng là	công viên Sun World
Hạ Long	mang dấu ấn với	làng chài Cửa Vạn
Nha Trang	nổi tiếng bởi	chợ Đầm
Đà Nẵng	thu hút bởi	Ngũ Hành Sơn
Hội An	nổi tiếng bởi	biển Cửa Đại
Hội An	thu hút bởi	phố cổ Hội An
Sapa	có đặc trưng là	bản Tả Van
Huế	mang dấu ấn với	nhã nhạc cung đình
Phú Quốc	mang dấu ấn với	Grand World
Huế	nổi tiếng bởi	kinh thành Huế
Huế	nổi tiếng bởi	lăng Tự Đức
Phú Quốc	nổi tiếng bởi	nhà tù Phú Quốc
Huế	mang dấu ấn với	cầu Tràng Tiền
Hội An	là nơi nổi bật với	đèn lồng đêm phố cổ
Sapa	thu hút bởi	bản Cát Cát
Nha Trang	thu hút bởi	viện Hải dương học
Hội An	có đặc trưng là	lễ hội đèn lồng
Nha Trang	thu hút bởi	tháp Bà Ponagar
Đà Lạt	có đặc trưng là	ga Đà Lạt
Nha Trang	mang dấu ấn với	nhà thờ Núi
Nha Trang	là nơi nổi bật với	vinpearl Land
Phú Quốc	có đặc trưng là	chợ đêm Dương Đông
Quảng Bình	có đặc trưng là	vườn quốc gia Phong Nha – Kẻ Bàng
Sapa	là nơi nổi bật với	thung lũng Hoa Hồng
Phú Quốc	nổi tiếng bởi	vườn tiêu
Đà Nẵng	nổi tiếng bởi	bà Nà Hills
Hội An	có đặc trưng là	nhà cổ Tấn Ký
Huế	là nơi nổi bật với	chợ Đông Ba
Hà Nội	mang dấu ấn với	bảo tàng Dân tộc học
Đà Lạt	thu hút bởi	chợ đêm Đà Lạt
Hội An	thu hút bởi	làng gốm Thanh Hà
Hội An	nổi tiếng bởi	chùa Cầu
Huế	mang dấu ấn với	chùa Thiên Mụ
Hà Nội	thu hút bởi	lăng Chủ tịch Hồ Chí Minh
Quảng Bình	thu hút bởi	sông Chày – hang Tối
Phú Quốc	thu hút bởi	Dinh Cậu
Phú Quốc	thu hút bởi	suối Tranh
Quảng Bình	nổi tiếng bởi	biển Nhật Lệ
Sapa	là nơi nổi bật với	cáp treo Fansipan
Phú Quốc	mang dấu ấn với	bãi Sao
Phú Quốc	có đặc trưng là	làng chài Hàm Ninh
Hạ Long	mang dấu ấn với	hang Sửng Sốt
Sapa	mang dấu ấn với	ruộng bậc thang Mường Hoa
Hà Nội	mang dấu ấn với	phố đi bộ Hồ Gươm
Hội An	có đặc trưng là	ẩm thực cao lầu
Nha Trang	mang dấu ấn với	hòn Mun
Đà Lạt	nổi tiếng bởi	đồi chè Cầu Đất
Hạ Long	nổi tiếng bởi	động Thiên Cung
Quảng Bình	là nơi nổi bật với	hang Sơn Đoòng
Đà Nẵng	nổi tiếng bởi	bãi biển Mỹ Khê
Đà Nẵng	thu hút bởi	cầu Rồng phun lửa
Đà Lạt	có đặc trưng là	trường Cao đẳng Sư phạm
Hà Nội	có đặc trưng là	36 phố phường
Đà Lạt	là nơi nổi bật với	thung lũng Tình Yêu
Đà Lạt	mang dấu ấn với	hồ Xuân Hương
Đà Lạt	nổi tiếng bởi	nhà thờ Con Gà
Hạ Long	nổi tiếng bởi	bãi Cháy
Quảng Bình	mang dấu ấn với	động Thiên Đường
Đà Lạt	thu hút bởi	vườn hoa thành phố
Huế	có đặc trưng là	ẩm thực cung đình
Hà Nội	thu hút bởi	chùa Một Cột
Nha Trang	là nơi nổi bật với	cáp treo vượt biển
Hà Nội	là nơi nổi bật với	nhà hát Lớn
Đà Nẵng	thu hút bởi	cầu Tình Yêu
Đà Lạt	mang dấu ấn với	vườn dâu tây
Hà Nội	nổi tiếng bởi	làng gốm Bát Tràng
Quảng Bình	là nơi nổi bật với	động Phong Nha
Sapa	mang dấu ấn với	nhà thờ đá Sapa
Hội An	có đặc trưng là	bảo tàng văn hóa Sa Huỳnh
Huế	nổi tiếng bởi	lễ hội áo dài
Hạ Long Bay	nổi tiếng	vịnh đá vôi
Sa Pa	có	ruộng bậc thang Mù Cang Chải
Đà Nẵng	thu hút du khách bởi	cầu Tình Yêu
Ninh Bình	nổi bật	Tam Cốc-Bích Động
Hội An	nổi bật với	phố cổ
Sapa	nổi tiếng với	Ruộng bậc thang
Đà Nẵng	nổi tiếng với	lễ hội pháo hoa
Sapa	nổi tiếng bởi	chợ tình Sapa
Hạ Long Bay	di sản	UNESCO
Đà Lạt	sở hữu	Rừng thông
Lào Cai	thu hút du khách bởi	ga Lào Cai
Sapa	có	ruộng bậc thang Mù Cang Chải
Ninh Bình	đặc trưng với	cố đô Hoa Lư
Đà Lạt	hấp dẫn du khách với	vườn dâu tây
Huế	đặc trưng với	lễ hội áo dài
Huế	nổi tiếng bởi	lăng Tự Đức
Động Phong Nha	dài nhất	hang động nước ngầm
Đà Nẵng	thu hút du khách bởi	bán đảo Sơn Trà
Hà Giang	thu hút	Cao nguyên đá
Phú Quốc	nổi tiếng với	suối Tranh
Vũng Tàu	được biết đến với	ngọn hải đăng Vũng Tàu
Hội An	có địa điểm	ẩm thực cao lầu
Nha Trang	nổi tiếng với	tháp Bà Ponagar
Con Đảo	lưu giữ	nhà tù
Nha Trang	thu hút bởi	tháp Bà Ponagar
Lào Cai	thu hút du khách bởi	chợ Cốc Lếu
Phú Quốc	thu hút du khách bởi	Dinh Cậu
Đà Lạt	thu hút du khách bởi	vườn hoa thành phố
Côn Đảo	ghi dấu	nhà tù lịch sử
Đà Lạt	được biết đến với	hồ Xuân Hương
Phong Nha	chứa đựng	hang động lớn nhất thế giới
Cần Thơ	đặc trưng với	vườn trái cây Phong Điền
Phú Quốc	thu hút du khách bởi	chợ đêm Dương Đông
Đà Nẵng	có địa điểm	cầu Tình Yêu
Hà Giang	nổi bật	cao nguyên đá Đồng Văn
Sapa	thu hút du khách bởi	bản Cát Cát
Hội An	lưu giữ	Phố cổ
Mộc Châu	được biết đến với	thác Dải Yếm
Đà Lạt	hấp dẫn du khách với	chợ đêm Đà Lạt
Huế	đặc trưng với	ẩm thực cung đình
Sa Pa	nổi tiếng với	ruộng bậc thang Mù Cang Chải
Sapa	gắn liền với	ruộng bậc thang Mường Hoa
Hội An	nổi bật với	Phố cổ Hội An
Ninh Bình	danh thắng	Tràng An
Lào Cai	nổi tiếng với	biên giới Việt - Trung
Mũi Né	nổi tiếng	Cồn cát
Nha Trang	đặc trưng với	chợ Đầm
Nha Trang	là biểu tượng của	hòn Mun
Hạ Long	nổi tiếng với	hang động ngầm
Động Phong Nha	tuyệt đẹp	khối thạch nhũ
Đà Nẵng	có địa điểm	bán đảo Sơn Trà
Đà Nẵng	nổi tiếng với	chùa Linh Ứng
Đà Lạt	được biết đến với	nhà thờ Con Gà
Hội An	đặc trưng với	chùa Cầu
Huế	đặc trưng với	nhã nhạc cung đình
Mũi Né	đặc trưng với	đồi cát bay
Hang Sơn Đoòng	lớn nhất	hệ thống hang động ngầm
Đà Nẵng	là nơi nổi bật với	bán đảo Sơn Trà
Phong Nha - Kẻ Bàng	chứa đựng	hang động Sơn Đoòng
Đà Lạt	có địa điểm	vườn hoa thành phố
Nha Trang	hấp dẫn du khách với	tháp Bà Ponagar
Đà Lạt	mang dấu ấn với	vườn dâu tây
Nha Trang	đặc trưng với	vinpearl Land
Quảng Bình	đặc trưng với	vườn quốc gia Phong Nha – Kẻ Bàng
Đà Nẵng	nổi tiếng bởi	bà Nà Hills
Cát Bà	nổi tiếng với	vườn quốc gia Cát Bà
Sapa	mang dấu ấn với	nhà thờ đá Sapa
Hà Nội	được biết đến với	nhà hát Lớn
Ninh Bình	nổi tiếng với	tràng An
Hà Nội	đặc trưng với	36 phố phường
Chợ nổi Cái Răng	hấp dẫn	văn hóa chợ sông
Huế	nổi tiếng với	lăng Tự Đức
Phong Nha	sở hữu	hang động kỳ vĩ
Ninh Bình	có địa điểm	tam Cốc - Bích Động
Sapa	có địa điểm	bản Cát Cát
Hạ Long	nổi tiếng với	hàng nghìn đảo đá vôi và hang động kỳ thú
Phú Quốc	mang dấu ấn với	Grand World
Nha Trang	được biết đến với	tháp Bà Ponagar
Phong Nha-Kẻ Bàng	chứa đựng	hệ thống hang động lớn
Huế	nổi tiếng bởi	kinh thành Huế
Cúc Phương	nổi bật	rừng nhiệt đới nguyên sinh
Sa Pa	có	ruộng bậc thang
Mộc Châu	được biết đến với	cầu kính Bạch Long
Quảng Bình	là biểu tượng của	động Thiên Đường
Quảng Ninh	sở hữu	đảo Cô Tô
Bến Tre	được biết đến với	dừa xiêm
Đà Lạt	được mệnh danh	thành phố ngàn hoa
Bến Tre	thu hút du khách bởi	du lịch miệt vườn
Hội An	thu hút du khách bởi	nhà cổ Tấn Ký
Cần Thơ	đặc sắc	chợ nổi Cái Răng
Bà Nà Hills	thu hút	cây cầu Vàng
Hạ Long	có đặc trưng là	đảo Titop
Hạ Long	nổi tiếng với	đảo Titop
Cà Mau	cực Nam	Mũi C
Cần Thơ	được biết đến với	chợ nổi Cái Răng
Phú Quốc	nổi tiếng với	hòn đảo ngọc
Huế	có địa điểm	chợ Đông Ba
Lào Cai	được biết đến với	biên giới Việt - Trung
Đà Nẵng	có	Bà Nà Hills
Cù Lao Chàm	được công nhận	khu dự trữ sinh quyển
Vũng Tàu	thu hút du khách bởi	tượng Chúa Kito
Ninh Bình	ấn tượng	Tràng An
Huế	nổi tiếng với	Kinh Thành Huế
Phú Quốc	thiên đường	bãi
Huế	đã từng là	kinh đô cổ
Sapa	nổi tiếng với	ruộng bậc thang và văn hóa dân tộc thiểu số
Hà Nội	thủ đô Việt Nam	hồ Hoàn Kiếm
Mũi Né	nổi tiếng với	cồn cát
Hạ Long	nổi tiếng về	vịnh đá vôi
Mộc Châu	có địa điểm	cầu kính Bạch Long
Hà Nội	có địa điểm	bảo tàng Dân tộc học
Lào Cai	thu hút du khách bởi	đền Thượng
Hội An	đặc trưng	Phố cổ Hội An
Huế	nổi tiếng với	Kinh thành Huế
Phú Quốc	nổi tiếng với	Grand World
Phú Quốc	phát triển	đảo
Hội An	gắn liền với	bảo tàng văn hóa Sa Huỳnh
Hội An	bảo tồn	phố cổ
Động Phong Nha	được mệnh danh	động nước dài nhất thế giới
Sapa	sở hữu	ruộng bậc thang tuyệt đẹp
Hạ Long	đặc trưng với	đảo Titop
Đà Lạt	mộng mơ	hồ Xuân Hương
Ninh Bình	di sản	thiên nhiên
Nha Trang	nổi bật	
Ninh Bình	nổi bật	Tràng An
Huế	nổi bật bởi	cầu Tràng Tiền
Cần Thơ	đặc trưng với	vườn trái cây Phong Điền
Phố cổ Hội An	nổi bật với	kiến trúc cổ
Nha Trang	được biết đến với	chợ Đầm
Phú Quốc	phát triển	du lịch biển
Thác Bản Giốc	hùng vĩ tại	biên giới Việt-Trung
Huế	lưu giữ	cố đô cổ kính
Hội An	nổi tiếng với	biển Cửa Đại
Hội An	nổi tiếng với	Phố cổ
Vịnh Hạ Long	nổi tiếng với	cảnh quan thiên nhiên
Cần Thơ	thu hút du khách bởi	nhà cổ Bình Thủy
Cát Bà	nổi tiếng với	vườn quốc gia Cát Bà
Tam Đảo	thu hút du khách bởi	nhà thờ đá
Hà Nội	được biết đến với	văn miếu Quốc Tử Giám
Động Phong Nha	tuyệt đẹp	khối thạch nhũ
Nha Trang	thu hút du khách bởi	tháp Bà Ponagar
Hạ Long	đặc trưng với	du thuyền trên vịnh
Hội An	cổ kính	Phố cổ
Ninh Bình	thu hút du khách bởi	cố đô Hoa Lư
Huế	đặc trưng với	Lăng tẩm
Hà Nội	đặc trưng	Hồ Hoàn Kiếm
Sa Pa	có	ruộng bậc thang
Tây Ninh	được biết đến với	hồ Dầu Tiếng
Hà Giang	đặc trưng	cao nguyên đá
Đà Lạt	mộng mơ	thành phố ngàn hoa
Đà Nẵng	được biết đến với	bán đảo Sơn Trà
Hà Nội	trung tâm	văn hóa
Ninh Bình	độc đáo	Tràng An
Mũi Né	nổi bật	Đồi cát bay
Nha Trang	du lịch	lặn biển
Nha Trang	nổi bật	bãi biển
Đà Lạt	nổi bật bởi	nhà thờ Con Gà
Ninh Bình	gọi tên	Tràng An
Hạ Long Bay	nổi tiếng với	hàng nghìn đảo đá vôi
Đà Lạt	được gọi	Thành phố ngàn hoa
Nha Trang	gắn liền với	cáp treo vượt biển
Huế	nổi tiếng với	cố đô
Phú Quốc	thu hút du khách bởi	lặn ngắm san hô
Đà Lạt	nổi tiếng với	vườn dâu tây
Hạ Long	nổi tiếng với	vịnh và đảo đá vôi
Ninh Bình	đặc trưng với	chùa Bái Đính
Hà Nội	thu hút bởi	lăng Chủ tịch Hồ Chí Minh
Quảng Bình	thu hút bởi	suối nước Moọc
Hang Sơn Đoòng	lớn nhất	hang động tự nhiên
Ninh Bình	được gọi	Hạ Long trên cạn
Hạ Long	di sản thiên nhiên	Vịnh
Hà Nội	nổi tiếng với	Phố Cổ
Bà Nà Hills	kỳ ảo	làng Pháp trên núi
Huế	nổi bật với	Cố đô
Huế	có địa điểm	cầu Tràng Tiền
Sapa	cảnh quan	ruộng bậc thang
Phong Nha	kỳ quan thiên nhiên	hang động
Lào Cai	nổi tiếng với	ga Lào Cai
Quảng Bình	nổi tiếng với	động Thiên Đường
Phong Nha-Kẻ Bàng	kỳ vĩ	hang động
Hạ Long	mang dấu ấn với	làng chài Cửa Vạn
Đà Lạt	nổi tiếng với	khí hậu mát mẻ
Hang Sơn Đoòng	lớn nhất	hang động thế giới
Huế	cố đô	Cố Đô Huế
Hà Nội	nổi tiếng với	phố cổ 36 phố phường
Phong Nha-Kẻ Bàng	có	Hang động
Huế	đặc trưng bởi	Kinh Thành
Mũi Né	độc đáo	Đồi cát bay
Lào Cai	nổi tiếng với	biên giới Việt - Trung
Bà Nà Hills	thu hút du khách bởi	vườn hoa Le Jardin
Vũng Tàu	đặc trưng với	bạch Dinh
Bà Nà Hills	thu hút du khách bởi	hầm rượu Debay
Chợ tình Khâu Vai	đặc trưng	phiên chợ tình yêu
Hà Nội	nổi tiếng với	phố cổ Hà Nội
Hà Nội	nổi tiếng	Hồ Hoàn Kiếm
Ninh Bình	được biết đến	cảnh quan
Quảng Bình	thu hút bởi	sông Chày – hang Tối
Đà Nẵng	nổi tiếng với	cầu R
Cổng Tò Vò	hình thành từ nham thạch	Lý Sơn
Huế	di sản	cố đô
Hang Sơn Đoòng	hang động lớn nhất	Quảng Bình
Hạ Long Bay	nổi tiếng	hang động ngầm
Hạ Long	nổi tiếng với	công viên Sun World
Hội An	kiến trúc cổ	Phố cổ Hội
Huế	đặc trưng với	đại nội Huế
Phú Quốc	đẹp	bãi biển
Hội An	nổi bật với	kiến trúc phố cổ đặc trưng
Côn Đảo	gắn liền	di tích lịch sử
Hội An	bảo tồn	khu phố cổ lịch sử
Đà Nẵng	có địa điểm	lễ hội pháo hoa
Hạ Long	địa danh	di sản thiên nhiên thế giới
Huế	thu hút du khách bởi	chợ Đông Ba
Đà Nẵng	nổi tiếng	Cầu Rồng
Phố cổ Hội An	di sản văn hóa thế giới	UNESCO
Hội An	đặc trưng với	lễ hội đèn lồng
Sapa	có địa điểm	bản Cát Cát
Đà Nẵng	phát triển	cầu Rồng
Bà Nà Hills	thu hút	cây cầu Vàng nổi bật
Ninh Bình	được biết đến	vịnh Hạ Long trên c
Hạ Long	di sản	kỳ quan thiên nhiên
Cao Bằng	thắng cảnh	thác Bản Giốc
Côn Đảo	ghi dấu	Nhà tù lịch sử
Hạ Long Bay	nổi tiếng với	hàng ngàn đảo đá vôi
Hội An	thu hút du khách bởi	ẩm thực cao lầu
Nha Trang	đặc trưng với	viện Hải dương học
Hạ Long	nổi tiếng với	Vịnh đá vôi
Phố cổ Hội An	di sản	UNESCO
Đà Nẵng	là biểu tượng của	bán đảo Sơn Trà
Huế	kiến trúc	Cố đô Huế
Huế	đặc trưng bởi	cố đô
Hội An	thu hút du khách bởi	đèn lồng đêm phố cổ
Hà Giang	đặc trưng với	phố cổ Đồng Văn
Thác Bản Giốc	hùng vĩ	thác nước biên giới
Hà Nội	là nơi nổi bật với	hồ Hoàn Kiếm
Cao Bằng	sở hữu	thác Bản Giốc
Cánh đồng quạt gió Bạc Liêu	ấn tượng	tua-bin gió
Phong Nha-Kẻ Bàng	chứa đựng	hệ thống hang động lớn
Hội An	di sản thế giới	Phố cổ
Chợ nổi Cái Răng	sôi động	thuyền buôn bán
Hà Giang	đặc trưng với	cột cờ Lũng Cú
Hội An	có địa điểm	nhà cổ Tấn Ký
Phú Quốc	thu hút	bãi biển đẹp
Mũi Né	thu hút	đồi cát bay
Hạ Long	danh thắng	vịnh
Đà Nẵng	hấp dẫn du khách với	bà Nà Hills
Đà Lạt	mộng mơ	cao nguyên
Phú Quốc	nổi tiếng với	ngọc trai
Nha Trang	nổi tiếng với	chợ Đầm
Đà Lạt	thu hút du khách bởi	đồi chè Cầu Đất
Sa Pa	ruộng bậc thang	vùng cao
Sa Pa	đặc trưng	ruộng bậc thang
Nha Trang	nổi bật	Vin
Hội An	biết đến với	phố cổ
Ninh Bình	phim trường	Quần thể danh thắng Tràng An
Hạ Long	nổi tiếng	vịnh
Hội An	di sản	văn hóa
Huế	lưu giữ	cố
Huế	đặc trưng	cố đô và lăng tẩm
Hạ Long	có địa điểm	bãi Cháy
Sapa	địa điểm du lịch	Ruộng bậc thang
Ninh Bình	hấp dẫn với	hang động
Hà Nội	di sản	Văn Miếu
Ninh Bình	kỳ quan	
Hạ Long Bay	nổi tiếng	hệ thống hang động karst
Phú Quốc	đảo ngọc	bãi biển
Ninh Bình	Tràng An	di sản hỗn hợp
Đà Lạt	hấp dẫn du khách với	vườn dâu tây
Ninh Bình	có địa điểm	tam Cốc - Bích Động
Hà Nội	thu hút du khách bởi	36 phố phường
Phú Quốc	nổi tiếng bởi	vườn tiêu
Hội An	phố cổ	di sản văn hóa
Phú Quốc	nổi tiếng với	làng chài Hàm Ninh
Phú Quốc	nổi tiếng	nước mắm truyền thống
Hà Nội	biểu tượng	Hồ Gươm
Pù Luông	thu hút	khu bảo tồn thiên nhiên
Bắc Hà	đặc sắc	chợ phiên
Hội An	được công nhận là	Di sản văn hóa thế giới
Đà Nẵng	phát triển	bãi biển
Hạ Long	nổi tiếng	vịnh biển
Bắc Hà	tổ chức	chợ phiên dân tộc
Phú Quốc	được biết đến với	chợ đêm Dương Đông
Huế	lưu giữ	di sản văn hóa
Sapa	là biểu tượng của	cáp treo Fansipan
Đà Lạt	được mệnh danh là	thành phố ngàn hoa
Huế	lưu giữ	Lăng Tự Đức
Ninh Bình	được biết đến	Tràng An
Sa Pa	nổi tiếng với	ruộng bậc thang Mù Cang Chải
Đà Nẵng	biểu tượng	Cầu Rồng
Hội An	lưu giữ	phố cổ
Tây Ninh	nổi tiếng với	núi Bà Đen
Đà Lạt	lôi cuốn với	khí hậu mát mẻ
Đà Lạt	được biết đến với	Kh
Hạ Long	được biết đến với	vịnh Hạ Long được UNESCO công nhận
Đà Nẵng	thu hút du khách bởi	bãi biển Mỹ Khê
Ninh Bình	được gọi	"Hạ Long trên cạn"
Cần Thơ	đặc trưng với	chợ nổi Cái Răng
Nha Trang	được biết đến với	Bãi biển đẹp
Lào Cai	có địa điểm	chợ Cốc Lếu
Bến Tre	đặc trưng với	du lịch miệt vườn
Hà Nội	nổi tiếng	Hồ Gươm
Đà Nẵng	nổi tiếng với	cầu Vàng trên núi
Huế	là nơi nổi bật với	chợ Đông Ba
Huế	di sản thế giới	Đại Nội
Ninh Bình	còn gọi là	Vịnh H
Đà Lạt	đặc trưng với	trường Cao đẳng Sư phạm
Phú Quốc	có địa điểm	Dinh Cậu
Phú Quốc	đảo du lịch	
Mỹ Sơn	di sản	tháp Chăm
Tam Đảo	thu hút du khách bởi	thác Bạc Tam Đảo
Đà Lạt	nổi tiếng	thác nước
Tam Đảo	đặc trưng với	cổng trời
Đà Nẵng	được biết đến với	Ngũ Hành Sơn
Tràng An	có	hệ thống hang động trên sông
Hội An	nổi bật với	đèn lồng
Ninh Bình	nổi tiếng	cảnh quan Tràng An
Huế	nổi tiếng với	cung điện
Mộc Châu	được biết đến với	hoa mận đầu xuân
Phú Quốc	nổi danh	bãi biển cát trắng
Cù Lao Chàm	được UNESCO công nhận là	Khu Dự trữ Sinh quyển Thế giới
Tây Ninh	được biết đến với	chùa Gò Kén
Hạ Long	nổi tiếng với	du thuyền trên vịnh
Hội An	có đặc trưng là	bảo tàng văn hóa Sa Huỳnh
Huế	được biết đến với	cầu Tràng Tiền
Hạ Long	nổi tiếng với	Di sản thiên nhiên thế giới
Hà Nội	đặc trưng với	hồ Hoàn Kiếm
Hạ Long	Di sản thiên nhiên thế giới	Vịnh
Huế	nổi tiếng với	Lăng tẩm
Nha Trang	nổi tiếng	biển
Hội An	nổi bật	phố cổ đèn lồng
Đà Lạt	có đặc trưng là	trường Cao đẳng Sư phạm
Hạ Long	địa danh	Hang Sửng Sốt
Mỹ Sơn	di sản văn hóa	thánh địa Champa cổ
Phong Nha	có	hệ thống hang động phức tạp
Nha Trang	nổi tiếng	Vinpearl
Đồi cát Mũi Né	"tiểu sa mạc"	Bình Thuận
Phong Nha - Kẻ Bàng	nổi tiếng	hang động
Đà Lạt	khí hậu	thành phố sương mù
Sa Pa	có	Ruộng bậc thang Mù Cang Chải
Phú Quốc	sản xuất	nước mắm truyền thống
Vũng Tàu	có địa điểm	bãi Sau
Đà Lạt	thu hút du khách bởi	nhà thờ Con Gà
Hội An	di sản văn hóa	Phố Cổ
Vũng Tàu	được biết đến với	tượng Chúa Kito
Phong Nha-Kẻ Bàng	chứa đựng	hệ thống hang động kỳ vĩ
Hạ Long	thu hút du khách bởi	làng chài Cửa Vạn
Huế	có địa điểm	lăng Tự Đức
Phú Quốc	có đặc trưng là	làng chài Hàm Ninh
Hạ Long	có địa điểm	hang Sửng Sốt
Phong Nha	di sản	hang động
Hà Nội	thu hút du khách bởi	lăng Chủ tịch Hồ Chí Minh
Nha Trang	nổi tiếng với	bãi biển Trần Phú
Hà Giang	thu hút	Cao nguyên đá
Hội An	được biết đến với	bảo tàng văn hóa Sa Huỳnh
Tam Đảo	được biết đến với	vườn quốc gia Tam Đảo
Sapa	được biết đến với	bản Cát Cát
Đà Nẵng	nổi tiếng	bãi biển Mỹ Khê
Đà Lạt	được biết đến với	Khí hậu mát mẻ
Huế	đặc trưng với	nhã nhạc cung đình
Mũi Né	hấp dẫn	Đồi cát bay
Đà Nẵng	ấn tượng với	Cầu Rồng
Tây Ninh	được biết đến với	tòa thánh Cao Đài
Ninh Bình	nổi bật	Tam Cốc-Bích Động
Đồng Tháp	nổi bật với	rừng tràm Trà Sư
Phú Quốc	có	bãi Sao cát trắng
Phú Quốc	thiên đường biển đảo	bãi biển cát trắng
Phú Quốc	nổi tiếng với	bãi biển đẹp và nước biển trong xanh
Hội An	đặc trưng với	phố cổ di sản thế giới
Quảng Bình	hấp dẫn du khách với	hang Sơn Đoòng
Hội An	được biết đến như	di sản văn hóa
Phú Quốc	nổi tiếng với	bãi biển đẹp
Tam Đảo	có địa điểm	nhà thờ đá
Hạ Long	nổi tiếng	hang động ngầm
Bến Tre	được biết đến với	cồn Phụng
Phố cổ Hội An	di sản văn hóa	kiến trúc cổ kính
Hạ Long	thu hút du khách bởi	đảo Titop
Huế	đặc trưng với	chợ Đông Ba
Đà Lạt	mang dấu ấn với	hồ Xuân Hương
Hội An	nổi tiếng	kiến trúc cổ
Sa Pa	nổi bật với	ruộng bậc thang tuyệt đẹp
Hội An	được UNESCO công nhận	di sản văn hóa
Mộc Châu	được biết đến với	đồi chè Mộc Châu
Sapa	được biết đến với	bản Tả Van
Hội An	có địa điểm	chùa Cầu
Phú Quốc	thu hút du khách bởi	vườn tiêu
Quảng Bình	nổi tiếng	hang Én
Hạ Long Bay	nổi tiếng với	kỳ quan thiên nhiên thế giới
Hà Nội	ẩm thực đặc trưng	Phở
Hà Nội	đặc trưng với	lăng Bác
Ninh Bình	nổi bật với	quần thể danh thắng Tràng An
Hạ Long	thu hút du khách bởi	du thuyền trên vịnh
Hà Giang	có địa điểm	phố cổ Đồng Văn
Hội An	duy trì	phố cổ đèn lồng
Đà Nẵng	được biết đến với	bà Nà Hills
Phú Quốc	nổi tiếng với	Bãi
Lào Cai	đặc trưng với	đền Thượng
Nha Trang	trung tâm lặn biển	san hô
Hà Nội	đặc trưng	Phố cổ
Đà Lạt	được biết đến với	Hồ Xuân Hương
Mũi Né	độc đáo	đồi cát Bay
Hạ Long	di sản thiên nhiên	vịnh Hạ Long
Hạ Long	nổi tiếng với	vịnh Hạ Long được UNESCO công nhận
Đà Nẵng	nổi tiếng	cầu Rồng
Hà Giang	có địa điểm	cột cờ Lũng Cú
Cần Giờ	đặc trưng	rừng ngập mặn
Đà Lạt	biết đến với	khí hậu mát mẻ
Hà Giang	thu hút du khách bởi	cao nguyên đá Đồng Văn
Nha Trang	đặc trưng với	hòn Mun
Hạ Long Bay	nổi tiếng với	cảnh quan kỳ vĩ
Hội An	phố cổ	Phố Cổ Hội An
Động Phong Nha	nổi tiếng với	hệ thống hang động phức tạp
Đà Lạt	được biết đến như	Thành phố ngàn hoa
Cù Lao Chàm	khu dự trữ	sinh quyển thế giới
Đà Nẵng	thu hút	Bà Nà Hills
Hà Nội	di sản văn hóa	Khu phố cổ
Tràng An	ví như	vịnh Hạ Long trên cạn
Ninh Bình	có địa điểm	tràng An
Hạ Long	kỳ quan thiên nhiên	Vịnh Hạ Long
Huế	nổi tiếng với	lăng tẩm
Ninh Bình	thu hút du khách bởi	chùa Bái Đính
Sapa	đặc trưng với	thung lũng Hoa Hồng
Tràng An	được biết đến là	quần thể danh thắng thiên nhiên
Huế	nổi bật với	lăng tẩm vua chúa
Phú Quốc	thu hút du khách bởi	Grand World
Đà Nẵng	nổi bật bởi	cầu Vàng trên núi
Hà Giang	cao nguyên đá	UNESCO công nhận
Hà Nội	đặc trưng với	36 phố phường
Hội An	nổi tiếng với	đèn lồng truyền thống
Huế	được biết đến với	di sản văn hóa
Sapa	nổi tiếng với	nhà thờ đá Sapa
Hội An	được biết đến với	phố cổ và kiến trúc truyền thống
Huế	địa danh	cố
Huế	cố đô	kinh thành
Hạ Long	nổi tiếng với	cảnh quan thiên nhiên
Hà Nội	biểu tượng	Văn Miếu Quốc Tử Giám
Hội An	hấp dẫn du khách với	nhà cổ Tấn Ký
Hội An	nổi tiếng với	Phố cổ Hội An
Đà Lạt	khí hậu	Mùa xu
Cúc Phương	là vườn quốc gia đầu tiên	Việt Nam
Phú Quốc	biết đến với	bãi biển đẹp và hải sản tươi sống
Phú Quốc	đảo	biển
Hội An	cổ kính	Phố cổ Hội An
Đà Lạt	đặc trưng bởi	khí hậu m
Phú Quốc	đặc trưng với	lặn ngắm san hô
Hạ Long	nổi tiếng	Vịnh Hạ Long
Vũng Tàu	nổi tiếng với	tượng Chúa Kito
Hạ Long	có	Vịnh đá vôi
Huế	có	Cố đô
Hà Nội	có đặc trưng là	36 phố phường
Hà Nội	thu hút bởi	chùa Một Cột
Ninh Bình	có	quần thể danh thắng Tràng An
Hội An	nổi tiếng bởi	chùa Cầu
Hội An	nổi tiếng với	bảo tàng văn hóa Sa Huỳnh
Sa Pa	được biết đến với	ruộng bậc thang
Tam Đảo	nổi tiếng với	vườn quốc gia Tam Đảo
Đà Lạt	có địa điểm	hồ Xuân Hương
Bà Nà Hills	hấp dẫn với	cầu Vàng
Hội An	đặc trưng	đèn lồng
Phú Quốc	nổi bật	bãi Sao
Đà Nẵng	nổi tiếng	bãi biển
Nha Trang	đặc trưng với	vinpearl Land
Hà Nội	nổi tiếng với	phố đi bộ Hồ Gươm
Bà Nà Hills	đặc trưng với	tàu hỏa leo núi
Hòn Đá Bạc	di chỉ khảo cổ	Cà Mau
Tây Ninh	nổi tiếng với	tòa thánh Cao Đài
Hội An	phố cổ	Đèn lồng
Hội An	được biết đến là	phố cổ
Đà Lạt	được biết đến	khí hậu m
Bà Nà Hills	đặc trưng với	vườn hoa Le Jardin
Bà Nà Hills	đặc trưng với	hầm rượu Debay
Sa Pa	tổ chức	chợ tình
Sapa	ruộng bậc thang	dân tộc thiểu số
Nha Trang	hấp dẫn du khách với	hòn Tằm
Phú Quốc	hấp dẫn với	bãi biển cát trắng
Huế	lịch sử	Cố đô
Hạ Long Bay	nổi tiếng với	hang động kỳ ảo
Ninh Bình	ví von	vịnh Hạ Long trên cạn
Ninh Bình	được biết đến là	vịnh Hạ Long trên cạn
Đà Nẵng	hấp dẫn bởi	bãi biển Mỹ Khê
Ninh Bình	thơ mộng	Tràng An
Đà Nẵng	biểu tượng	cầu Rồng
Cố đô Huế	di sản	văn hóa
Nha Trang	nổi tiếng với	tháp Bà Ponagar
Sapa	hấp dẫn với	ruộng bậc thang và văn hóa dân tộc thiểu số
Lào Cai	thu hút du khách bởi	ga Lào Cai
Đà Lạt	là nơi nổi bật với	thung lũng Tình Yêu
Quảng Bình	thu hút du khách bởi	động Thiên Đường
Phú Quốc	đảo ngọc	Bãi biển
Huế	di sản UNESCO	kinh thành
Huế	di sản văn hóa	cố đô
Ninh Bình	thơ mộng	non nước
Đầm Vân Long	lớn nhất	khu bảo tồn đất ngập nước
Ninh Bình	Tràng An	di sản kép
Hội An	bảo tồn	phố cổ đèn lồng
Cao Bằng	chứa đựng	thác Bản Giốc
Cần Thơ	chợ	nổi
Mộc Châu	nổi tiếng với	đồi chè Mộc Châu
Hội An	đặc trưng với	ẩm thực cao lầu
Sapa	nổi bật với	Ruộng bậc thang
Sapa	nổi tiếng với	bản Tả Van
Phú Quốc	đặc sản	nước mắm
Hà Nội	được biết đến với	phố cổ Hà Nội
Mỹ Sơn	chứa	di tích Chăm Pa
Vịnh Hạ Long	di sản	thiên nhiên
Côn Đảo	gắn liền	lịch sử nhà tù thời Pháp và Mỹ
Hội An	di sản UNESCO	Phố Cổ
Đà Lạt	đặc trưng với	nhà thờ Con Gà
Hội An	đặc trưng với	biển Cửa Đại
Hội An	đặc trưng với	đèn lồng đêm phố cổ
Mũi Né	đặc trưng bởi	đồi cát đỏ và trắng
Hạ Long Bay	nổi tiếng với	cảnh quan thiên nhiên kỳ vĩ
Huế	cố đô	kiến trúc
Hội An	giữ gìn	kiến trúc cổ
Hạ Long	Di sản thế giới	Vịnh
Nha Trang	hấp dẫn	l
Hạ Long	di sản thiên nhiên	vịnh
Đà Nẵng	nổi bật với	bãi biển Mỹ Khê
Huế	nổi bật	cố đô
Đà Nẵng	quyến rũ	bãi biển
Đà Lạt	thơ mộng	Thành phố ngàn hoa
Vịnh Hạ Long	nổi tiếng với	cảnh quan thiên nhiên hùng vĩ
Bến Tre	thu hút du khách bởi	dừa xiêm
Làng Gốm Bát Tràng	truyền thống	nghệ thuật gốm sứ
Đà Lạt	có địa điểm	chợ đêm Đà Lạt
Đà Nẵng	thu hút khách du lịch	bãi biển Mỹ Khê
Sapa	làng bản	Bản Cát Cát
Sa Pa	Nơi ngắm lúa chín	Ruộng bậc thang
Huế	nổi tiếng	kinh thành
Đà Lạt	nổi bật	khí hậu mát mẻ
Huế	nổi bật về	di sản cung đình
Hội An	di sản thế giới	Phố cổ Hội An
Hà Nội	thu hút với	phố phường cổ
Cao Bằng	có	thác Bản Giốc
Vũng Tàu	thu hút du khách bởi	ngọn hải đăng Vũng Tàu
Huế	đặc trưng với	ẩm thực cung đình
Quảng Bình	có địa điểm	biển Nhật Lệ
Huế	nổi tiếng	l
Phú Quốc	mang dấu ấn với	lặn ngắm san hô
Đà Lạt	nổi tiếng bởi	đồi chè Cầu Đất
Phú Quốc	nổi tiếng với	suối Tranh
Đà Lạt	thu hút du khách bởi	vườn hoa thành phố
Đà Lạt	sở hữu	rừng thông và khí hậu mát mẻ
Hạ Long	đặc trưng với	động Thiên Cung
Đà Lạt	đặc trưng	khí hậu ôn đới
Hà Nội	nổi tiếng với	chùa Một Cột
Huế	nổi tiếng với	di sản văn hóa
Đà Nẵng	nổi tiếng với	cầu Rồng phun lửa
Cần Thơ	được biết đến với	vườn trái cây Phong Điền
Quảng Bình	nổi tiếng với	vườn quốc gia Phong Nha – Kẻ Bàng
Phong Nha-Kẻ Bàng	nổi tiếng	Hệ thống hang động kỳ vĩ
Nha Trang	sôi động	
Đà Nẵng	nổi tiếng với	Cầu Vàng
Huế	nổi tiếng với	Lăng Tự Đức
Phong Nha-Kẻ Bàng	di sản thiên nhiên	Quảng Bình
Đà Lạt	biết đến	khí hậu mát mẻ
Đà Nẵng	có địa điểm	chùa Linh Ứng
Huế	lưu giữ	Lăng tẩm vua Nguyễn
Mũi Né	được biết đến	cồn cát bay
Phong Nha	khám phá	hang động
Huế	nổi tiếng với	cung điện và lăng t
Quảng Ninh	sở hữu	đảo Cô Tô
Huế	được biết đến với	các lăng tẩm
Mù Cang Chải	sở hữu	ruộng bậc thang tuyệt đẹp
Huế	nổi tiếng về	di sản văn hóa
Tây Nguyên	nổi bật với	văn hóa cồng chiêng
Đà Nẵng	được biết đến với	lễ hội pháo hoa
Sapa	núi non	ruộng bậc thang
Bắc Hà	nổi bật	Chợ phiên
Đà Lạt	đặc trưng với	thung lũng Tình Yêu
Hà Nội	được biết đến với	lăng Chủ tịch Hồ Chí Minh
Đà Nẵng	nổi bật với	cầu Rồng
Đà Lạt	biệt danh	thành phố ngàn hoa
Phú Quốc	thu hút du khách bởi	làng chài Hàm Ninh
Hà Nội	hấp dẫn du khách với	hồ Hoàn Kiếm
Hạ Long	có đặc trưng là	đảo Titop
Hội An	nổi tiếng về	phố cổ
Hạ Long	nổi tiếng	vịnh đá vôi
Hạ Long	di sản thế giới	vịnh đảo đá vôi
Huế	lưu giữ	lăng Khải Định
Đà Nẵng	đặc trưng với	bãi biển Mỹ Khê
Phong Nha-Kẻ Bàng	sở hữu	hang Sơn Đoòng
Bà Nà Hills	thu hút du khách bởi	làng Pháp
Hạ Long	nổi tiếng	kỳ quan thiên nhiên thế giới
Vịnh Hạ Long	di sản thiên nhiên thế giới	UNESCO
Nha Trang	hấp dẫn du khách với	tháp Bà Ponagar
Phố cổ Hội An	đặc trưng	đèn lồng
Hội An	được biết đến với	kiến trúc cổ kính
Nha Trang	có địa điểm	hòn Mun
Hồ Ba Bể	là	hồ nước ngọt tự nhiên lớn nhất miền Bắc
Phú Quốc	hấp dẫn du khách với	làng chài Hàm Ninh
Hội An	phố cổ	di sản văn hóa thế giới
Phú Quốc	sản xuất	Nước mắm truyền thống
Chợ nổi Cái Răng	văn hóa sông nước	Cần Thơ
Đà Lạt	nổi tiếng với	đồi chè Cầu Đất
Mũi Né	nơi có	đồi cát Bay
Tam Đảo	đặc trưng với	thác Bạc Tam Đảo
Đà Lạt	thu hút du khách bởi	ga Đà Lạt
Huế	lưu giữ	cung điện Nguyễn triều
Nha Trang	thu hút	bãi biển đẹp
Nha Trang	thiên đường của	bãi biển
Phú Quốc	được biết đến với	Bãi biển
Đà Nẵng	nổi tiếng bởi	bãi biển Mỹ Khê
Hội An	là biểu tượng của	lễ hội đèn lồng
Sapa	nổi tiếng với	ruộng b
Hội An	hấp dẫn du khách với	chùa Cầu
Cần Thơ	có địa điểm	nhà cổ Bình Thủy
Hà Nội	đặc trưng với	bảo tàng Dân tộc học
Đà Lạt	nổi tiếng	thung lũng tình yêu
Huế	lưu giữ	di sản văn hóa thế giới
Huế	di sản	
Ninh Bình	có địa điểm	cố đô Hoa Lư
Đà Nẵng	nổi tiếng với	cầu Tình Yêu
Phú Quốc	hòn đảo	Bãi biển
Đà Nẵng	thu hút du khách bởi	cầu Vàng trên núi
Sapa	là nơi nổi bật với	núi Fansipan
Hội An	thu hút với	phố cổ
Đà Lạt	nổi tiếng	đồi thông
Huế	biểu tượng	cố đô
Động Thiên Đường	nổi tiếng với	cảnh quan huyền bí dưới lòng đất
Huế	có địa điểm	kinh thành Huế
Huế	biểu tượng của	cung
Nha Trang	biển xanh	b
Ninh Bình	được mệnh danh	"vịnh Hạ Long trên cạn"
Cần Thơ	được biết đến với	bến Ninh Kiều
Phú Quốc	nổi tiếng	hòn đảo
Sapa	gắn liền với	thung lũng Hoa Hồng
Ninh Bình	tuyệt đẹp	Tràng An
Sapa	đặc trưng với	Ruộng Bậc
Huế	nổi danh với	cố đô
Đà Nẵng	bãi biển	
Hà Nội	hồ đẹp	Hồ Hoàn Kiếm
Phú Quốc	nổi danh với	đảo ngọc
Hội An	đặc trưng bởi	Phố cổ
Quảng Bình	có đặc trưng là	vườn quốc gia Phong Nha – Kẻ Bàng
Quảng Bình	là nơi nổi bật với	động Phong Nha
Sa Pa	đặc trưng bởi	ruộng bậc thang
Phong Nha-Kẻ Bàng	di sản	Hang động
Đà Lạt	nổi tiếng bởi	nhà thờ Con Gà
Hạ Long	nổi tiếng	Vịnh biển
Đà Nẵng	có cầu	Cầu Rồng
Hà Giang	nổi bật với	cao nguyên đá Đồng Văn
Huế	đặc trưng	cung đình cổ
Hồ Ba Bể	nằm trong	công viên địa chất toàn cầu
Sapa	được biết đến với	chợ tình Sapa
Hạ Long	kỳ quan thiên nhiên	Vịnh
Đà Nẵng	tổ chức sự kiện	Lễ hội pháo hoa
Sapa	ruộng bậc thang	người H'Mông
Cát Bà	đặc trưng	Đảo khỉ
Cánh đồng Mường Hoa	độc đáo	ruộng bậc thang
Hội An	thu hút du khách bởi	làng gốm Thanh Hà
Hội An	bảo tồn	kiến trúc phố cổ độc đáo
Phú Quốc	hòn đảo du lịch	bãi biển
Bà Nà Hills	có địa điểm	vườn hoa Le Jardin
Bà Nà Hills	có địa điểm	hầm rượu Debay
Quảng Bình	đặc trưng với	hang Sơn Đoòng
Hội An	phố cổ	di sản
Phú Quốc	nổi tiếng với	bãi Sao
Mộc Châu	đặc trưng với	thác Dải Yếm
Phú Quốc	thiên đường	Bãi Sao
Quảng Bình	nổi tiếng với	động Phong Nha
Hạ Long	di sản thế giới	UNESCO
Huế	Di sản văn hóa thế giới	cố đô
Hạ Long	Di sản thiên nhiên thế giới	vịnh
Huế	lưu giữ	cố đô
Huế	di sản	Đại Nội
Tây Ninh	đặc trưng với	núi Bà Đen
Phú Quốc	được biết đến với	Dinh Cậu
Hà Nội	di sản văn hóa	Hoàng thành Thăng Long
Hà Nội	đặc trưng	Văn Miếu
Hội An	nổi bật với	phố cổ
Đà Nẵng	thành phố biển	cầu
Huế	nổi bật bởi	lễ hội áo dài
Đà Nẵng	cầu biểu tượng	Cầu Rồng
Nha Trang	biển	xanh
Ninh Bình	danh thắng	Tràng An
Hạ Long	nổi tiếng với	vịnh biển kỳ quan thế giới
Phong Nha	chứa	động thiên nhiên lớn
Phú Quốc	đặc trưng với	vườn tiêu
Hà Nội	thu hút du khách bởi	văn miếu Quốc Tử Giám
Vịnh Hạ Long	di sản thiên nhiên	quần đảo đá vôi
Sapa	thu hút du khách bởi	thung lũng Hoa Hồng
Phú Quốc	nổi tiếng với	bãi biển Sao
Huế	di sản	Cố đô
Nha Trang	nổi tiếng	
Phú Quốc	thu hút du khách bởi	bãi biển đẹp
Cao nguyên đá Đồng Văn	đặc trưng	ruộng bậc thang đá
Nha Trang	điểm đến	Bãi biển
Phú Quốc	được biết đến với	hòn đảo ngọc
Ninh Bình	đẹp	Tràng An
Huế	nổi bật với	kinh thành
Phong Nha-Kẻ Bàng	sở hữu	động Thiên Đường
Huế	duy trì	Lăng tẩm hoàng gia
Phong Nha-Kẻ Bàng	chứa	hệ thống hang động lớn nhất thế giới
Huế	đặc trưng bởi	Kinh thành
Đà Lạt	nổi bật	khí
Hội An	được UNESCO công nhận	di sản văn hóa thế giới
Đà Lạt	gắn liền với	hồ Xuân Hương
Ninh Bình	kỳ vĩ	Tràng An
Quảng Bình	nổi tiếng với	sông Chày – hang Tối
Nha Trang	nổi tiếng	bãi biển
Vũng Tàu	đặc trưng với	ngọn hải đăng Vũng Tàu
Hà Nội	thu hút khách bởi	Phố cổ
Hạ Long	nổi tiếng với	động Thiên Cung
Phú Quốc	đặc trưng với	Grand World
Huế	có địa điểm	lễ hội áo dài
Đà Nẵng	tự hào	bãi biển Mỹ Khê
Cần Thơ	được biết đến với	chợ nổi Cái Răng
Nha Trang	đặc trưng với	bãi biển Trần Phú
Đà Nẵng	tự hào với	Cầu Rồng
Hà Nội	có địa điểm	36 phố phường
Thành phố Hồ Chí Minh	sôi động với	cuộc sống về đêm
Hạ Long	được UNESCO công nhận là	di sản thiên nhiên thế giới
Ninh Bình	nổi tiếng	Tràng An và Tam Cốc
Hà Nội	lưu giữ	Văn Miếu
Đà Nẵng	điểm đến	Cầu Vàng bàn tay khổng lồ
Nha Trang	nổi tiếng với	bãi biển đẹp
Huế	tổ chức	Festival Huế
Đà Nẵng	nổi bật với	cầu R
Đà Lạt	lãng mạn	khí
Đà Lạt	đặc trưng	khí hậu ôn đới và rừng thông
Cần Thơ	nổi tiếng với	bến Ninh Kiều
Đà Lạt	hấp dẫn	khí hậu mát mẻ
Cần Giờ	nổi tiếng với	rừng ngập mặn
Đà Lạt	khí hậu	Mát mẻ
Tam Đảo	được biết đến với	nhà thờ đá
Cần Thơ	đặc trưng bởi	
Động Phong Nha	thuộc hệ thống	Quảng Bình
Phú Quốc	nổi tiếng	bãi biển đẹp
Mũi Né	nổi tiếng	đồi cát bay
Hạ Long	nổi bật với	vịnh đá vôi
Mỹ Sơn	gìn giữ	Thánh địa Chăm
Sapa	nổi tiếng với	chợ tình Sapa
Ninh Bình	ghi danh	phim trường "Kong: Skull Island"
Hội An	được biết đến với	chùa Cầu
Nha Trang	đặc trưng với	hòn Tằm
Sapa	được biết đến với	ruộng bậc thang Mường Hoa
Đà Lạt	được biết đến với	khí hậu ôn đới
Côn Đảo	gắn liền với	hệ sinh thái biển đa dạng
Côn Đảo	linh thiêng	nhà tù
Đà Nẵng	hấp dẫn du khách với	chùa Linh Ứng
Đà Lạt	đặc trưng với	vườn dâu tây
Đà Nẵng	nổi tiếng	b
Hà Nội	thủ đô	lịch sử
Sơn La	tổ chức	Lễ hội Hoa Ban
Hội An	lưu giữ	kiến trúc phố cổ
Hà Nội	là nơi nổi bật với	văn miếu Quốc Tử Giám
Hội An	bảo tồn	kiến trúc cổ
Lào Cai	đặc trưng với	ga Lào Cai
Quảng Bình	đặc trưng với	động Thiên Đường
Đồng Văn	nổi tiếng	cao nguyên đá
Mộc Châu	trồng	Cánh đồng chè
Sapa	đặc trưng	ruộng bậc thang
Đà Lạt	được biết đến với	vườn hoa thành phố
Huế	nổi danh với	Lăng tẩm
Huế	nổi tiếng với	cung đình và lăng tẩm
Hội An	nổi tiếng với	Phố Cổ
Huế	nổi bật	lăng tẩm
Huế	có địa điểm	chùa Thiên Mụ
Đà Nẵng	là nơi nổi bật với	bán đảo Sơn Trà
Lào Cai	đặc trưng với	biên giới Việt - Trung
Tam Đảo	thu hút du khách bởi	cổng trời
Đà Lạt	có đặc trưng là	ga Đà Lạt
Hà Nội	được biết đến với	phố đi bộ Hồ Gươm
Sapa	có	Ruộng bậc thang
Hội An	nổi tiếng với	đèn lồng
Hà Nội	biểu tượng	Lăng Chủ tịch Hồ Chí Minh
Phố Cổ Hội An	nổi bật với	kiến trúc cổ kính
Cù Lao Chàm	đặc biệt	rạn san hô
Đà Nẵng	cây cầu nổi tiếng	Cầu Rồng
Hạ Long	đặc trưng với	công viên Sun World
Hạ Long	di sản	thiên nhiên kỳ vĩ
Nha Trang	là biểu tượng của	hòn Mun
Hạ Long	là biểu tượng của	vịnh Hạ Long được UNESCO công nhận
Phú Quốc	biển xanh	đảo ngọc
Phú Quốc	thu hút bởi	Dinh Cậu
Hạ Long	có địa điểm	làng chài Cửa Vạn
Sa Pa	có	Ruộng bậc thang
Quảng Bình	được biết đến với	suối nước Moọc
Nha Trang	hấp dẫn	lặn biển
Hạ Long	thu hút du khách bởi	động Thiên Cung
Mekong Delta	địa điểm của	chợ nổi Cái Răng
Phú Quốc	được biết đến với	nhà tù Phú Quốc
Hà Nội	có địa điểm	lăng Chủ tịch Hồ Chí Minh
Đà Nẵng	nổi tiếng với	bán đảo Sơn Trà
Phú Quốc	mang dấu ấn với	Grand World
Hội An	nổi bật bởi	biển Cửa Đại
Hạ Long Bay	nổi tiếng về	cảnh quan thiên nhiên
Nha Trang	được biết đến với	cáp treo vượt biển
Hạ Long	hấp dẫn du khách với	đảo Titop
Hà Nội	ẩm thực	Phở
Chu_the	Quan_he	Doi_tuong
Hà Nội	nổi tiếng	Lăng Chủ tịch Hồ Chí Minh
Hội An	đặc trưng	phố cổ
Hà Nội	nổi tiếng với	nhà hát Lớn
Sapa	Địa điểm du lịch nổi tiếng	núi
Hội An	đặc trưng	Đèn lồng rực rỡ
Sa Pa	điểm du lịch nổi tiếng	núi Fansipan
Phú Quốc	nổi bật	bãi biển
Cần Thơ	nổi tiếng với	chợ nổi Cái Răng
Hà Nội	nổi bật	Hồ Hoàn Kiếm
Ninh Bình	sở hữu	Tràng An
Hà Nội	lưu giữ	Lăng Chủ tịch Hồ Chí Minh
Hạ Long	có địa điểm	đảo Titop
Nha Trang	hấp dẫn bởi	bãi biển
Hạ Long	nổi bật bởi	động Thiên Cung
Huế	thu hút du khách bởi	cầu Tràng Tiền
Hà Nội	nổi tiếng với	hồ Hoàn Kiếm
Đà Lạt	thành phố ngàn hoa	hoa dã quỳ
Phú Quốc	nổi tiếng với	B
Đà Lạt	lãng mạn	khí hậu
Hà Nội	đặc trưng với	văn miếu Quốc Tử Giám
Đà Lạt	nổi tiếng	thành phố ngàn hoa
Đà Lạt	nổi tiếng với	Thung lũng Tình Yêu
Huế	được biết đến với	lễ hội áo dài
Ninh Bình	có	
Phú Quốc	thu hút du khách bởi	suối Tranh
Hạ Long	có địa điểm	du thuyền trên vịnh
Phong Nha	nổi tiếng với	hang động
Nha Trang	đặc trưng với	tháp Bà Ponagar
Hạ Long	nổi tiếng bởi	bãi Cháy
Phú Quốc	đặc trưng với	làng chài Hàm Ninh
Sapa	nổi tiếng với	núi Fansipan
Đà Nẵng	thu hút du khách bởi	cầu Rồng phun lửa
Bà Nà Hills	đặc trưng với	làng Pháp
Quảng Bình	thu hút du khách bởi	vườn quốc gia Phong Nha – Kẻ Bàng
Đà Lạt	Khí hậu	Cao nguyên
Hà Nội	được biết đến với	chùa Một Cột
Quảng Bình	mang dấu ấn với	động Thiên Đường
Hội An	được UNESCO công nhận	Phố cổ
Hội An	nổi tiếng với	chùa Cầu
Hà Giang	có địa điểm	cao nguyên đá Đồng Văn
Đà Nẵng	cầu biểu tượng	cầu Rồng
Sapa	nổi tiếng với	ruộng bậc thang Mường Hoa
Cần Thơ	nổi tiếng	Chợ nổi Cái Răng
Đà Lạt	nổi tiếng với	khí hậu ôn đới
Bến Tre	nổi tiếng với	dừa xiêm
Phú Quốc	nổi tiếng bởi	nhà tù Phú Quốc
Huế	lưu giữ	di tích cung đình
Đà Lạt	nổi tiếng với	khí hậu mát mẻ và hoa
Cao Bằng	có thác	thác Bản
Phú Quốc	thu hút	bãi biển
Quảng Bình	khám phá	Hang Sơn Đoòng lớn nhất thế giới
Ninh Bình	có địa điểm	chùa Bái Đính
Sapa	kỳ thú	ruộng bậc thang
Vũng Tàu	nổi tiếng với	ngọn hải đăng Vũng Tàu
Hà Giang	được biết đến với	Cao nguyên đá Đồng Văn
Sapa	nổi bật bởi	chợ tình Sapa
Hội An	di sản UNESCO	phố cổ
Nha Trang	thu hút bởi	viện Hải dương học
Đà Lạt	nổi tiếng với	vườn hoa thành phố
Nha Trang	có địa điểm	bãi biển Trần Phú
Đà Lạt	lãng mạn	thành phố
Đà Lạt	khí hậu mát mẻ	hoa và nông sản
Hội An	là biểu tượng của	đèn lồng đêm phố cổ
Huế	di sản văn hóa	kinh thành cổ
Hội An	thu hút du khách bởi	phố cổ Hội An
Hà Nội	đặc trưng với	ẩm thực đường phố
Đà Nẵng	đặc trưng với	cầu Vàng trên núi
Đà Nẵng	sở hữu	Cầu Rồng
Sa Pa	khí hậu mát mẻ	ruộng bậc thang
Sa Pa	đặc trưng	Ruộng bậc thang
Hà Nội	phố cổ	ẩm thực đường phố
Hội An	biết đến với	kiến trúc cổ
Vũng Tàu	có địa điểm	bạch Dinh
Sapa	núi	ruộng bậc thang
Quảng Bình	được biết đến với	biển Nhật Lệ
Huế	nổi bật	di sản văn hóa
Hà Giang	được biết đến với	đèo Mã Pí Lèng
Ninh Bình	được gọi là	Vịnh H
Ninh Bình	nổi tiếng	Tràng An
Mộc Châu	thu hút du khách bởi	thác Dải Yếm
Hà Nội	lưu giữ	khu phố cổ
Phú Quốc	thiên đường	đảo ngọc
Bến Tre	thu hút du khách bởi	cồn Phụng
Huế	có địa điểm	đại nội Huế
Sapa	nổi tiếng	
Phú Quốc	nổi bật với	bãi biển đẹp
Hạ Long Bay	nổi tiếng	kỳ quan thiên nhiên
Ninh Bình	gây ấn tượng với	cảnh sắc thiên nhiên
Buôn Ma Thuột	tổ chức	Lễ
Phố Cổ Hội An	di sản văn hóa	kiến trúc cổ
Đà Nẵng	thu hút du khách bởi	cầu Tình Yêu
Sapa	điểm du lịch	ruộng bậc thang
Đà Nẵng	được biết đến với	chùa Linh Ứng
Hội An	có địa điểm	lễ hội đèn lồng
Sa Pa	điểm đến nghỉ dưỡng	núi Fansipan
Huế	kinh đô cũ	lăng tẩm
Huế	cố đô	Kinh Thành Huế
Nha Trang	nổi tiếng với	cáp treo vượt biển
Sa Pa	nổi bật	ruộng bậc thang
Hội An	đặc trưng với	làng gốm Thanh Hà
Nha Trang	có địa điểm	hòn Tằm
Đà Lạt	nổi tiếng với	ga Đà Lạt
Hội An	cổ kính với	phố cổ và đèn lồng
Hà Nội	nổi tiếng với	lăng Bác
Vịnh Hạ Long	nổi tiếng với	kỳ quan thiên nhiên thế giới
Huế	cố đô	Kinh thành Huế
Đà Lạt	được biết đến với	khí hậu mát m
Phú Quốc	nổi tiếng với	chợ đêm Dương Đông
Phú Quốc	được biết đến với	Bãi Sao
Cù Lao Chàm	khu dự trữ sinh quyển	Quảng Nam
Mekong Delta	trải nghiệm	ch
Cù Lao Chàm	bảo tồn	rạn san hô nguyên sinh
Phố cổ Hội An	độc đáo	đèn lồng truyền thống
Huế	giữ	kiến trúc cung đình
Huế	cố đô	Kinh Thành
Hội An	lưu giữ	kiến trúc cổ
Cao nguyên đá Đồng Văn	công viên địa chất	cảnh quan đá vôi độc đáo
Hội An	phố cổ	Chùa Cầu
Nha Trang	nổi tiếng	Bãi biển
Hội An	di sản văn hóa	UNESCO
Hà Nội	trung tâm	Thủ đô
Bà Nà Hills	thu hút du khách bởi	tàu hỏa leo núi
Sapa	hấp dẫn du khách với	núi Fansipan
Đà Nẵng	nổi tiếng với	Ngũ Hành Sơn
Huế	nổi tiếng	cung đình
Quảng Bình	nổi bật	Động Phong Nha
Rừng tràm Trà Sư	đa dạng sinh học	chim cò đặc hữu
Hà Nội	biết đến với	Phố cổ
Huế	di sản văn hóa	Đại Nội
Phú Quốc	thu hút du khách bởi	bãi Sao
Phong Nha - Kẻ Bàng	chứa đựng	hang động Sơn Đoòng
Nha Trang	nổi tiếng bởi	chợ Đầm
Sapa	thu hút	ruộng bậc thang
Sapa	nổi tiếng với	Ruộng
Quảng Bình	thu hút du khách bởi	động Phong Nha
Hội An	được UNESCO công nhận là	Di sản văn hóa thế giới
Mũi Né	đặc trưng với	đồi cát bay
Phong Nha	chứa	Hang Sơn Đoòng
Sapa	được biết đến với	cáp treo Fansipan
Quảng Bình	hấp dẫn du khách với	động Phong Nha
Sa Pa	thu hút	ruộng bậc thang
Đà Lạt	mơ mộng	khí hậu
Huế	di sản văn hóa	Cố đô
Đà Nẵng	cầu Rồng	kiến trúc hiện đại
Hội An	rực rỡ với	đèn lồng
Đà Lạt	đặc trưng	hoa dã quỳ
Huế	là biểu tượng của	chùa Thiên Mụ
Sapa	được biết đến với	ruộng bậc thang
Phú Quốc	nổi tiếng	nước mắm
Đà Nẵng	mang dấu ấn với	cầu Vàng trên núi
Đà Nẵng	điểm đến	C
Hội An	thu hút du khách bởi	biển Cửa Đại
Cầu Vàng Đà Nẵng	biểu tượng	đôi bàn tay khổng lồ
Đà Lạt	được gọi là	thành phố sương mù
Ninh Bình	nổi tiếng	Tràng An di sản kép
Hà Giang	nổi tiếng với	Cao nguyên đá Đồng Văn
Hạ Long	đặc trưng với	vịnh Hạ Long được UNESCO công nhận
Sapa	nổi tiếng với	ruộng bậc thang và văn hóa dân tộc
Phú Quốc	hấp dẫn bởi	bãi biển xanh
Hội An	đặc trưng với	Đèn lồng
Hà Giang	được biết đến với	cao nguyên đá Đồng Văn
Hạ Long Bay	nằm ở	Quảng Ninh
Phong Nha	sở hữu	hệ thống hang động
Bến Tre	có địa điểm	du lịch miệt vườn
Phú Quốc	hấp dẫn du khách với	nhà tù Phú Quốc
Cố đô Huế	lưu giữ	hệ thống lăng tẩm hoàng gia
Đồng Tháp	độc đáo	rừng tràm Tràm Chim
Phú Quốc	có đặc trưng là	chợ đêm Dương Đông
Đà Lạt	có địa điểm	trường Cao đẳng Sư phạm
Phú Quốc	nổi tiếng với	bãi biển
Hồ Gươm	gắn liền với	truyền thuyết rùa thần
Hội An	thu hút	phố cổ
Hạ Long Bay	nổi tiếng	di sản thiên nhiên thế giới
Tam Đảo	có địa điểm	cổng trời
Sapa	địa danh	ruộng bậc thang
Mộc Châu	đặc trưng với	hoa mận đầu xuân
Hà Giang	nổi tiếng với	đèo Mã Pí Lèng
Phú Quốc	nổi tiếng	bãi Sao
Cần Thơ	đặc sắc	chợ nổi Cái Răng
Mộc Châu	được biết đến với	cầu kính Bạch Long
Huế	cố đô lịch sử	lăng tẩm và đền đài
Phú Quốc	nổi bật bởi	Dinh Cậu
Đà Nẵng	thu hút bởi	bãi biển Mỹ Khê
Quảng Bình	thu hút du khách bởi	sông Chày – hang Tối
Phong Nha-Kẻ Bàng	sở hữu	Hang Sơn Đoòng
Mũi Né	nổi tiếng	cồn cát
Đà Lạt	hấp dẫn du khách với	ga Đà Lạt
Đà Lạt	thu hút bởi	chợ đêm Đà Lạt
Huế	nổi tiếng	Kinh thành Huế
Phú Quốc	hấp dẫn	bãi biển
Tây Ninh	nổi tiếng với	hồ Dầu Tiếng
Hà Nội	nổi tiếng với	làng gốm Bát Tràng
Hà Giang	hấp dẫn	cao nguyên đá
Sapa	đặc trưng với	nhà thờ đá Sapa
Bà Nà Hills	có địa điểm	làng Pháp
Côn Đảo	ghi dấu	nhà tù lịch sử
Hội An	được biết đến với	phố cổ
Hội An	bảo tồn	kiến trúc cổ truyền
Vịnh Hạ Long	kỳ quan	thiên nhiên thế giới
Hạ Long	được UNESCO công nhận	Di sản thiên nhiên thế giới
Hội An	nổi bật với	phố cổ đèn lồng
Bà Nà Hills	có	cầu Vàng độc đáo
Hà Nội	thu hút du khách bởi	phố cổ Hà Nội
Hạ Long	nổi tiếng với	vịnh biển kỳ quan thiên nhiên
Phong Nha-Kẻ Bàng	di sản	thiên nhiên
Hà Nội	nổi tiếng với	hồ Gươm
Hạ Long	thu hút du khách bởi	công viên Sun World
Vịnh Hạ Long	nổi tiếng với	cảnh quan thiên nhiên kỳ vĩ
Nha Trang	hấp dẫn với	lặn biển
Vũng Tàu	đặc trưng với	tượng Chúa Kito
Nha Trang	đặc trưng với	nhà thờ Núi
Phú Quốc	nổi tiếng	bãi biển Sao
Hội An	nổi tiếng	Phố cổ
Vịnh Hạ Long	nổi tiếng	cảnh quan thiên nhiên
Phong Nha-Kẻ Bàng	di sản	hang động
Đà Nẵng	thu hút bởi	chùa Linh Ứng
Đà Nẵng	nổi tiếng với	bà Nà Hills
Hội An	di sản văn hóa thế giới	phố cổ
Mỹ Sơn	khám phá	thánh địa
Phú Quốc	thuộc về	Kiên Giang
Hạ Long	nổi tiếng với	di sản thiên nhiên thế giới
Mù Cang Chải	thu hút bởi	lễ
Sa Pa	đặc trưng với	ruộng bậc thang và dân tộc thiểu số
Nha Trang	thiên đường	Bãi Dài
Cần Thơ	có	chợ nổi Cái Răng
Đà Nẵng	thành phố	bãi biển
Bến Tre	đặc trưng với	làng nghề kẹo dừa
Cố đô Huế	di sản thế giới	lăng t
Huế	có địa điểm	nhã nhạc cung đình
Hội An	địa danh	phố cổ
Huế	lưu giữ	
Cao Nguyên Đá Đồng Văn	đặc trưng với	cảnh quan đá vôi độc đáo
Huế	nổi tiếng	cố đô
Đà Nẵng	thu hút bởi	cầu Rồng
Huế	nổi bật với	Cố Đô
Phú Quốc	nổi tiếng	đảo
Hà Giang	đặc trưng bởi	đèo Mã Pí Lèng
Cần Thơ	đặc trưng với	nhà cổ Bình Thủy
Hội An	phố cổ UNESCO	Quảng Nam
Đà Nẵng	thu hút với	Cầu Rồng
Đà Lạt	nổi tiếng	khí hậu mát mẻ
Phong Nha-Kẻ Bàng	chứa đựng	hang động lớn
Sapa	nổi tiếng với	cáp treo Fansipan
Hội An	di sản thế giới	kiến trúc cổ điển
Cà Mau	nổi tiếng	mũi đất cuối
Huế	cố đô	di tích
Huế	đặc trưng	Cố đô
Huế	có địa điểm	chợ Đông Ba
Ninh Bình	đặc trưng	quần thể danh thắng Tràng An
Huế	lưu giữ	di sản cố đô
Phú Quốc	là biểu tượng của	Grand World
Mộc Châu	đặc trưng với	đồi chè Mộc Châu
Sapa	hấp dẫn du khách với	ruộng bậc thang và văn hóa dân tộc
Sapa	đặc trưng với	bản Tả Van
Sapa	nổi tiếng với	ruộng bậc thang
Đà Lạt	biệt danh	Thành phố ngàn hoa
Bà Nà Hills	gây ấn tượng bởi	Cầu Vàng với bàn tay khổng lồ
Hà Nội	hấp dẫn với	Phố cổ
Quy Nhơn	đặc biệt	Eo Gió
Sa Pa	thu hút du khách	ruộng bậc thang
Đà Nẵng	phát triển	biển Mỹ Khê
Quảng Bình	sở hữu	hang Sơn Đoòng
Sa Pa	nổi tiếng với	ruộng bậc thang
Sapa	hấp dẫn	ruộng bậc thang
Phố Cổ Hội An	di sản văn hóa	đèn lồng truyền thống
Lào Cai	có địa điểm	đền Thượng
Hà Nội	hấp dẫn du khách với	văn miếu Quốc Tử Giám
Tây Ninh	thu hút du khách bởi	hồ Dầu Tiếng
Hạ Long Bay	nổi tiếng với	đảo đá vôi và hang động kỳ thú
Phú Quốc	nổi bật bởi	lặn ngắm san hô
Hang Sơn Đoòng	lớn nhất	hệ thống hang động ngầm
Sapa	có đặc trưng là	bản Tả Van
Phú Quốc	thiên đường	Biển xanh
Nha Trang	hút khách	bãi biển cát trắng
Hà Nội	nổi bật với	Hồ Hoàn Kiếm
Hà Nội	nổi tiếng với	Văn Miếu Quốc Tử Giám
Sapa	mang dấu ấn với	nhà thờ đá Sapa
Phong Nha-Kẻ Bàng	có	Hệ thống hang động đặc sắc
Bà Nà Hills	nổi tiếng	cây cầu Vàng
Quảng Bình	thu hút du khách bởi	hang Sơn Đoòng
Hạ Long	di sản	Vịnh Hạ Long
Cao Nguyên Đắk Lắk	đặc trưng với	văn hóa cồng chiêng Tây Nguyên
Hạ Long	nổi tiếng	Vịnh đá vôi
Huế	cố đô	Lăng tẩm
Sa Pa	nổi tiếng về	ruộng bậc thang
Hạ Long	thuộc	Quảng Ninh
Hà Nội	thu hút du khách bởi	hồ Gươm
Đà Nẵng	nổi bật	Bà Nà Hills
Hà Nội	nổi tiếng với	bảo tàng Dân tộc học
Mộc Châu	nổi tiếng với	cầu kính Bạch Long
Đà Lạt	thu hút du khách bởi	hồ Xuân Hương
Đà Lạt	nổi tiếng với	khí hậu ô
Nha Trang	bãi biển	thiên đường
Ninh Bình	có	Tràng An
Ninh Bình	được biết đến với	quần
Hà Nội	có địa điểm	văn miếu Quốc Tử Giám
Sapa	có địa điểm	thung lũng Hoa Hồng
Hội An	phố cổ	Di sản văn hóa thế giới
Nha Trang	gắn liền với	bãi biển Trần Phú
Ninh Bình	sở hữu	quần thể danh thắng
Phú Quốc	nổi tiếng	Đảo ngọc
Hà Nội	nổi bật bởi	phố đi bộ Hồ Gươm
Phú Quốc	đặc trưng với	suối Tranh
Cù Lao Chàm	nổi tiếng	hệ sinh thái biển đa dạng
Hà Nội	được biết đến với	nhà hát Lớn
Huế	nổi tiếng với	di tích cổ
Tây Ninh	thu hút du khách bởi	núi Bà Đen
Đà Nẵng	nổi bật với	Cầu Rồng
Bến Tre	thu hút du khách bởi	du lịch miệt vườn
Hội An	được biết đến với	phố cổ và kiến trúc độc đáo
